date,return,equity,drawdown,turnover
2021-01-01,0.0,1.0,0.0,0.0
2021-01-04,0.0,1.0,0.0,0.0
2021-01-05,0.0,1.0,0.0,0.0
2021-01-06,0.0,1.0,0.0,0.0
2021-01-07,0.0,1.0,0.0,0.0
2021-01-08,0.0,1.0,0.0,0.0
2021-01-11,0.0,1.0,0.0,0.0
2021-01-12,0.0,1.0,0.0,0.0
2021-01-13,0.0,1.0,0.0,0.0
2021-01-14,0.0,1.0,0.0,0.0
2021-01-15,0.0,1.0,0.0,0.0
2021-01-18,0.0,1.0,0.0,0.0
2021-01-19,0.0,1.0,0.0,0.0
2021-01-20,0.0,1.0,0.0,0.0
2021-01-21,0.0,1.0,0.0,0.0
2021-01-22,0.0,1.0,0.0,0.0
2021-01-25,0.0,1.0,0.0,0.0
2021-01-26,0.0,1.0,0.0,0.0
2021-01-27,0.0,1.0,0.0,0.0
2021-01-28,0.0,1.0,0.0,0.0
2021-01-29,0.0,1.0,0.0,0.0
2021-02-01,-0.008588087943175612,0.9914119120568244,-0.00858808794317556,1.0
2021-02-02,-0.00947356540474642,0.9820197064649094,-0.017980293535090563,0.0
2021-02-03,0.0024827268644825496,0.9844577931716011,-0.015542206828398908,0.0
2021-02-04,-0.005599964091699716,0.9789448648800462,-0.021055135119953827,0.0
2021-02-05,0.011404549043382171,0.9901092896023377,-0.009890710397662317,0.0
2021-02-08,0.00791560058941713,0.9979465992787014,-0.0020534007212985594,0.0
2021-02-09,0.00024253337594017576,0.9981886346364325,-0.0018113653635675186,0.0
2021-02-10,-0.00453844162868446,0.9936584137837188,-0.006341586216281225,0.0
2021-02-11,-0.010084045166193304,0.9836383174593557,-0.016361682540644296,0.0
2021-02-12,-0.012412011784849443,0.9714293870710208,-0.028570612928979222,0.0
2021-02-15,0.007505941015869284,0.978720878751458,-0.021279121248542032,0.0
2021-02-16,-0.003401653422548759,0.9753916095245332,-0.024608390475466813,0.0
2021-02-17,-0.005520112771484434,0.970007337843598,-0.02999266215640195,0.0
2021-02-18,-0.0021240013271772162,0.9679470409706465,-0.032052959029353456,0.0
2021-02-19,-0.00018498989471849026,0.9677679805494444,-0.03223201945055565,0.0
2021-02-22,0.009786903016042384,0.977239431917113,-0.022760568082886956,0.0
2021-02-23,0.004777797639312927,0.98190848416797,-0.018091515832029947,0.0
2021-02-24,-0.003228557332637512,0.9787383363314306,-0.021261663668569408,0.0
2021-02-25,-0.006813043072152783,0.9720701498896374,-0.027929850110362642,0.0
2021-02-26,-0.0011504229730567679,0.9709518580577816,-0.029048141942218386,0.0
2021-03-01,-0.006592936764512021,0.9645504338562212,-0.03544956614377881,0.0
2021-03-02,-0.00036444415545590814,0.9641989090879598,-0.0358010909120402,0.0
2021-03-03,-0.0007711941435492396,0.9634553245360546,-0.03654467546394535,0.0
2021-03-04,0.000610258159400171,0.9640432810090702,-0.03595671899092978,0.0
2021-03-05,0.005425180042329576,0.9692733893771425,-0.03072661062285753,0.0
2021-03-08,0.015910353673055783,0.9846948718080144,-0.015305128191985595,0.0
2021-03-09,0.015378294850803255,0.999837799884752,-0.00016220011524803457,0.0
2021-03-10,-0.0007573438994737943,0.999080578826546,-0.0009194211734540048,0.0
2021-03-11,0.009900276848853343,1.0089717531512414,0.0,0.0
2021-03-12,0.0013627235384814917,1.0103467027089235,0.0,0.0
2021-03-15,0.002973264393662726,1.0133507305853424,0.0,0.0
2021-03-16,-0.017446496960176583,0.9956713101445924,-0.01744649696017664,0.0
2021-03-17,-0.006638616827181993,0.9890614298307242,-0.02396929317906349,0.0
2021-03-18,0.0029713923243979696,0.9920003193716812,-0.021069123028439107,0.0
2021-03-19,0.005199785276361335,0.997158508026496,-0.015978892667786737,0.0
2021-03-22,0.009002067544233456,1.0061349962680577,-0.007120668194630642,0.0
2021-03-23,0.007775077808028774,1.0139577741494226,0.0,0.0
2021-03-24,-0.008620273405982,1.0052171809141335,-0.008620273405982148,0.0
2021-03-25,-0.0025561883520692223,1.0026476564649809,-0.011154426715579313,0.0
2021-03-26,-0.00011814484722849627,1.0025291988107838,-0.01127125372476756,0.0
2021-03-29,-0.009006339293079108,0.9935000806950751,-0.02017608028254314,0.0
2021-03-30,0.010167073246709919,1.003601068786114,-0.010214138721897359,0.0
2021-03-31,-0.004917130878193231,0.9986662309813982,-0.015081045343186994,0.0
2021-04-01,0.004023375725871469,1.0026842404533762,-0.011118346329070161,0.0
2021-04-02,0.0009995449691473923,1.0036864684415647,-0.010129914647061256,0.0
2021-04-05,0.0029440738985917108,1.0066413955756732,-0.007215663965776886,0.0
2021-04-06,-0.007524316858578535,0.9990671067524002,-0.014685687882331933,0.0
2021-04-07,-0.0007553918220403374,0.9983124196302899,-0.015429986255844796,0.0
2021-04-08,-0.006874254318872748,0.9914497661680621,-0.022198170925058158,0.0
2021-04-09,0.0038184030591340195,0.9952355209881759,-0.01846452942969168,0.0
2021-04-12,-0.007418198387962076,0.9878526664507388,-0.02574575427520398,0.0
2021-04-13,0.003855916878883758,0.9916617442211564,-0.02198911088478972,0.0
2021-04-14,0.0015172312549733833,0.9931663244138501,-0.02050524219611982,0.0
2021-04-15,0.0016357542501299989,0.994790900450096,-0.018903029483062106,0.0
2021-04-16,0.000678588961352274,0.9954659545739951,-0.01823726790885316,0.0
2021-04-19,0.0038424943408241203,0.9992910268709289,-0.014464850166760801,0.0
2021-04-20,0.017440666325465665,1.0167193282326166,0.0,0.0
2021-04-21,0.0013559093552167516,1.0180979074813967,0.0,0.0
2021-04-22,-8.97745469808735e-05,1.0180065082029703,-8.977454698089193e-05,0.0
2021-04-23,0.003268456166340916,1.0213338178520817,0.0,0.0
2021-04-26,0.0030252484431247018,1.0244236063944494,0.0,0.0
2021-04-27,-0.004783267043231028,1.0195235147196748,-0.004783267043231176,0.0
2021-04-28,0.01438708662081863,1.0341914878379084,0.0,0.0
2021-04-29,0.0008317066524950453,1.035051631778297,0.0,0.0
2021-04-30,-0.0028398769218306676,1.0321122125363067,-0.0028398769218305198,0.0
2021-05-03,-0.0050988598403087036,1.0268496170251131,-0.007924256627751203,0.0
2021-05-04,-0.016123734836214005,1.0102929660835323,-0.023920222851325224,0.0
2021-05-05,0.006468288009063997,1.0168278319616921,-0.017606657732904596,0.0
2021-05-06,0.0016114669064081766,1.0184664163624133,-0.016023563372765226,0.0
2021-05-07,0.0022040415726736207,1.020711158684448,-0.013854838399907643,0.0
2021-05-10,-0.003157316918821928,1.0174884500739032,-0.016968411203042044,0.0
2021-05-11,-0.009099952144070353,1.0082293538710865,-0.025913951617203668,0.0
2021-05-12,0.010687587994178904,1.019004893808898,-0.015503321261210345,0.0
2021-05-13,0.010940056437746943,1.0301528648575076,-0.0047328720330337415,0.0
2021-05-14,-1.4135634617329145e-05,1.03013830299301,-0.004746940765501195,0.0
2021-05-17,0.005706007699964358,1.0360162800819164,0.0,0.0
2021-05-18,0.0005298466660592822,1.0365652098539009,0.0,0.0
2021-05-19,0.006258250211815123,1.0430522942980294,0.0,0.0
2021-05-20,0.0008909148603972921,1.0439815650871909,0.0,0.0
2021-05-21,0.00643526343510146,1.0506998614799166,0.0,0.0
2021-05-24,-0.004946045122488806,1.0455030525548443,-0.00494604512248864,0.0
2021-05-25,-0.004502186501323113,1.0407960028245398,-0.009425963606226384,0.0
2021-05-26,-0.009255428786538844,1.031162989539083,-0.018594151057863217,0.0
2021-05-27,-0.007527982903247484,1.0234004121833713,-0.02598215750984667,0.0
2021-05-28,0.0031162387774926,1.026589572232719,-0.02294688533910927,0.0
2021-05-31,0.005888077505621313,1.0326342112004878,-0.01719392087287719,0.0
2021-06-01,-0.007495893443315655,1.0248936951874066,-0.024560930517457003,0.0
2021-06-02,-0.007672358301923587,1.0170303435365464,-0.03204484856022194,0.0
2021-06-03,-0.0009973429810854473,1.0160160154618694,-0.03301023183651586,0.0
2021-06-04,-0.0046997560259870634,1.0112409880707032,-0.037554847826509974,0.0
2021-06-07,0.006477333996714443,1.0177911337016046,-0.0313207691223637,0.0
2021-06-08,-0.004739957311424995,1.0129668471759121,-0.03591226732518771,0.0
2021-06-09,-0.0045417726310968964,1.0083661820732,-0.040290934603426476,0.0
2021-06-10,0.006930760859392778,1.015354926939848,-0.033639420576571655,0.0
2021-06-11,0.0027994641382932946,1.0181973766454557,-0.030934128789815274,0.0
2021-06-14,-0.0031375505215410953,1.01500273093533,-0.03397462191943845,0.0
2021-06-15,-0.007383784733338154,1.0075081692663532,-0.041107545358126885,0.0
2021-06-16,-0.0030062498510185502,1.0044793479825962,-0.04399021565703698,0.0
2021-06-17,-0.0012612118902614413,1.0032124866853984,-0.04519594656425663,0.0
2021-06-18,-0.014500936714292052,0.9886649659049859,-0.059041499717677914,0.0
2021-06-21,0.006689544473094833,0.995278684163398,-0.05274691598270265,0.0
2021-06-22,-0.005864588831810568,0.9894417839077143,-0.058302165840128595,0.0
2021-06-23,-0.007036276882389281,0.9824797975571344,-0.06492821254082382,0.0
2021-06-24,0.005414461055975372,0.9877993961592901,-0.05986530276308477,0.0
2021-06-25,0.007308200728387374,0.995018432425802,-0.05299460968395575,0.0
2021-06-28,-0.0005339787279981523,0.9944871137489206,-0.053500290417684004,0.0
2021-06-29,0.005859732660099075,1.0003145423694029,-0.04795405515667028,0.0
2021-06-30,0.005000328674301335,1.0053164438589333,-0.04319351251941783,0.0
2021-07-01,0.002845394683414696,1.0081769659234388,-0.040471020426883886,0.0
2021-07-02,0.005794304804654297,1.0140186505610307,-0.034911217050338395,0.0
2021-07-05,-0.0019302145731098228,1.0120613769843125,-0.0367740454835328,0.0
2021-07-06,0.005918115047500116,1.018050872648437,-0.031073563467966303,0.0
2021-07-07,0.003939319770526972,1.0220613005784631,-0.027256652400349468,0.0
2021-07-08,-0.007985699277148076,1.0138994263892327,-0.035024688248126545,0.0
2021-07-09,0.003396305125670536,1.0173429382079928,-0.031747337650678165,0.0
2021-07-12,0.02450202172116844,1.0422698969778423,-0.008023189886215976,0.0
2021-07-13,-0.003530257831362737,1.0385904155116428,-0.011525123788650338,0.0
2021-07-14,-0.007290398696735792,1.0310186772999546,-0.01873149973793753,0.0
2021-07-15,0.00493336175899356,1.0361050654153543,-0.013890547243439633,0.0
2021-07-16,-0.008756517884110415,1.0270323928802274,-0.022525432302192727,0.0
2021-07-19,0.0018010853282782362,1.0288821658547105,-0.020764917199547095,0.0
2021-07-20,-0.0002600115647475678,1.0286146445928257,-0.021019529645681767,0.0
2021-07-21,0.003974316308862487,1.032702684550366,-0.017128751596294567,0.0
2021-07-22,-0.00019783486554595756,1.032498379953619,-0.01732319779757152,0.0
2021-07-23,-0.0012170671744499706,1.0312417600677046,-0.018519181476625568,0.0
2021-07-26,-0.0025682598142767925,1.0285932632965187,-0.021039879221322666,0.0
2021-07-27,0.0020973137295598097,1.0307505460697632,-0.018986692719321963,0.0
2021-07-28,0.006551522618251353,1.037503531586114,-0.012559561847867218,0.0
2021-07-29,0.0008470607319649066,1.0383823600869955,-0.011723139827554352,0.0
2021-07-30,0.009201106063318216,1.0479366263164345,-0.002629899617184739,0.0
2021-08-02,0.01244629313860246,1.0609795527582468,0.0,0.0
2021-08-03,-0.010777172299847055,1.0495451933115565,-0.010777172299847093,0.0
2021-08-04,0.0038969078679580806,1.0536351742331498,-0.006922262079418706,0.0
2021-08-05,0.018252814914338278,1.072866982055664,0.0,0.0
2021-08-06,-0.004592155381685596,1.0679402101701843,-0.00459215538168567,0.0
2021-08-09,-0.002610950000027812,1.0651518716784107,-0.007191115493619504,0.0
2021-08-10,0.0022895420549246164,1.0675905816835003,-0.004918037800039188,0.0
2021-08-11,0.003968713298727963,1.0718275426226245,-0.0009688427833317581,0.0
2021-08-12,0.0007246282273424092,1.0726042191148517,-0.0002449166068181352,0.0
2021-08-13,0.00040362626184248246,1.0730371503462495,0.0,0.0
2021-08-16,0.002772896983605259,1.0760125718237408,0.0,0.0
2021-08-17,0.006363597970239183,1.0828598832417502,0.0,0.0
2021-08-18,-0.007407027402526226,1.0748391104134822,-0.0074070274025261895,0.0
2021-08-19,-0.002318808319688892,1.0723467645419285,-0.009708660245449918,0.0
2021-08-20,-0.007356229119568643,1.0644583360463298,-0.016993470235809105,0.0
2021-08-23,-0.007908593639017728,1.0560399676208743,-0.024767669424215155,0.0
2021-08-24,0.0106633221136679,1.067300861960523,-0.014368452947622568,0.0
2021-08-25,0.005037389654370228,1.0726772722806635,-0.00940344278947991,0.0
2021-08-26,0.004313758229733196,1.077304542691812,-0.00513024873846768,0.0
2021-08-27,-0.0037974830408070335,1.0732134969611553,-0.008908249746695351,0.0
2021-08-30,-0.0008672695272029147,1.072282731599058,-0.009767793420352278,0.0
2021-08-31,0.00977059045484363,1.0827595670213135,-9.264007466636137e-05,0.0
2021-09-01,0.0019546717714295876,1.0848760065822154,0.0,0.0
2021-09-02,0.006197988877860679,1.09160005600487,0.0,0.0
2021-09-03,-0.0034746096651701768,1.087807171899775,-0.003474609665170325,0.0
2021-09-06,-0.005728572862468029,1.081575589255232,-0.00918327797300278,0.0
2021-09-07,-0.009827441857731082,1.0709464680370848,-0.018920471700390795,0.0
2021-09-08,0.0064605118664226024,1.077865330402142,-0.01258219576590669,0.0
2021-09-09,-0.0007799666086072592,1.077024631435853,-0.013352348681953563,0.0
2021-09-10,0.00703635249157793,1.0846029563847475,-0.006409948022292222,0.0
2021-09-13,-0.011105387584968002,1.0725580201782927,-0.01744415065007321,0.0
2021-09-14,0.005182648341349867,1.0781167112225714,-0.012351909207156009,0.0
2021-09-15,-0.002283075856623443,1.075655288988557,-0.014606784718085408,0.0
2021-09-16,0.007358625898805833,1.0835706338562956,-0.007355644683604279,0.0
2021-09-17,0.0007155193216915601,1.0843459495812373,-0.006645388467807378,0.0
2021-09-20,0.006619668509737127,1.0915239603173412,-6.971022684554296e-05,0.0
2021-09-21,-0.009404083215273973,1.0812591781630516,-0.009473137881345295,0.0
2021-09-22,0.007261803772059686,1.0891110701416102,-0.002280126177685582,0.0
2021-09-23,0.0029816690941218043,1.0923584389595173,0.0,0.0
2021-09-24,0.017022218649690703,1.110952803151321,0.0,0.0
2021-09-27,0.0001465576029130813,1.1111156217311005,0.0,0.0
2021-09-28,-0.008803058919247042,1.1013344054469059,-0.008803058919246931,0.0
2021-09-29,0.010646914143920532,1.1130602183054448,0.0,0.0
2021-09-30,0.0012417432830179598,1.1144423533551202,0.0,0.0
2021-10-01,-0.0014879879368859443,1.112784076576973,-0.0014879879368859816,0.0
2021-10-04,0.006277611857142503,1.119769703090532,0.0,0.0
2021-10-05,0.008452446573261219,1.1292344966802612,0.0,0.0
2021-10-06,0.0026383761594969686,1.132213842054784,0.0,0.0
2021-10-07,0.008760719102983558,1.1421328494895358,0.0,0.0
2021-10-08,-0.0005886141568197478,1.1414605739253574,-0.0005886141568196557,0.0
2021-10-11,0.0004442017395322462,1.1419676126979026,-0.00014467388071970344,0.0
2021-10-12,0.009658460105112362,1.1529972613264756,0.0,0.0
2021-10-13,0.0031943537620228533,1.1566803424657959,0.0,0.0
2021-10-14,-0.007860979140643154,1.1475877024212802,-0.00786097914064321,0.0
2021-10-15,0.007312573007440888,1.1559795212776771,-0.0006058901170783448,0.0
2021-10-18,0.009101589182267666,1.166500771983461,0.0,0.0
2021-10-19,-0.00717271570325458,1.1581337935783966,-0.007172715703254617,0.0
2021-10-20,-0.002452211314631895,1.155293804785926,-0.009607338003282395,0.0
2021-10-21,0.0034947284129303218,1.1593312428707938,-0.006146184627444762,0.0
2021-10-22,-0.005085458899248126,1.15343551148456,-0.011200387357382935,0.0
2021-10-25,0.011092374318333025,1.1662298499300048,-0.00023225192812825757,0.0
2021-10-26,-8.726853614769237e-05,1.1661280747581897,-0.0003195001959901411,0.0
2021-10-27,0.008626898780476993,1.176188143624201,0.0,0.0
2021-10-28,-0.003896794295078572,1.171604780376187,-0.0038967942950786094,0.0
2021-10-29,-0.0031175047871207315,1.1679522968647509,-0.00700215080732991,0.0
2021-11-01,-0.0025588556609750235,1.1649636755181698,-0.009543088975072611,0.0
2021-11-02,0.0013906735408637325,1.1665837596777804,-0.008165686755544521,0.0
2021-11-03,0.006023312295307022,1.1736104579809532,-0.0021915589416716674,0.0
2021-11-04,0.002140002655199239,1.176121987477202,-5.6246228426704015e-05,0.0
2021-11-05,-0.005480277684983437,1.1696765123944124,-0.005536215668459521,0.0
2021-11-08,-0.0032166459076196263,1.1659140772275802,-0.00873505353060533,0.0
2021-11-09,0.0004419402280391541,1.1664293415607443,-0.008296973674115415,0.0
2021-11-10,0.007245844593022409,1.1748811072984349,-0.0011112476629281387,0.0
2021-11-11,0.006859195056180341,1.182939845981216,0.0,0.0
2021-11-12,-0.004594787905231175,1.1775044882842853,-0.004594787905231268,0.0
2021-11-15,0.0075352503569080884,1.1863772793998903,0.0,0.0
2021-11-16,0.0046396745674863364,1.1918816838905657,0.0,0.0
2021-11-17,-0.0003446557732192379,1.1914708949872186,-0.0003446557732191824,0.0
2021-11-18,-0.0008212557385082567,1.1904923926774449,-0.0011656284611958334,0.0
2021-11-19,0.0031828704606473766,1.1942815757477234,0.0,0.0
2021-11-22,-0.003126091717746619,1.1905481420051212,-0.003126091717746582,0.0
2021-11-23,-0.0028652081918859964,1.1871369737158135,-0.005982343006034174,0.0
2021-11-24,0.013040638022024707,1.2026179972726032,0.0,0.0
2021-11-25,-0.0025328719380567164,1.1995719198951094,-0.0025328719380568465,0.0
2021-11-26,-0.012200372826241219,1.1849366952404992,-0.014702342782332511,0.0
2021-11-29,-0.008454810862482343,1.1749182795982258,-0.023032848117354954,0.0
2021-11-30,-0.008156293270668247,1.1653353015407537,-0.031001278723919223,0.0
2021-12-01,0.0021538987121981767,1.1678453157460216,-0.028914153626040884,0.0
2021-12-02,-0.003325293194713641,1.1639618876650932,-0.0321432987824708,0.0
2021-12-03,-0.0007831596401693768,1.1630503196919786,-0.0329012850883319,0.0
2021-12-06,-0.002210266212095395,1.1604796688673966,-0.03503883070166203,0.0
2021-12-07,0.001816152967524724,1.1625872774617623,-0.03328631361049472,0.0
2021-12-08,0.006991105391383201,1.1707150476451786,-0.026527916345653213,0.0
2021-12-09,-0.01635154346923138,1.151572049653525,-0.04244568743761057,0.0
2021-12-10,0.003598592116646185,1.1557160877531583,-0.03899984003716306,0.0
2021-12-13,-0.005201311181846505,1.1497048487428878,-0.04399830091493406,0.0
2021-12-14,-0.0020937466942611933,1.1472976580164562,-0.04599992631210159,0.0
2021-12-15,-0.007960794546825798,1.1381642570769328,-0.05359452489638772,0.0
2021-12-16,0.013677102087799188,1.1537310458136583,-0.04065044059694334,0.0
2021-12-17,0.003421586000376527,1.157678635808214,-0.03736794357502249,0.0
2021-12-20,0.005256701091424287,1.1637642063565856,-0.03230767459337336,0.0
2021-12-21,0.014692277459124343,1.180862552973374,-0.018090070453434026,0.0
2021-12-22,0.01137456920728863,1.1942943558064651,-0.0069212680044827835,0.0
2021-12-23,0.006251133361722338,1.2017600490977636,-0.0007134004120887827,0.0
2021-12-24,0.01521236092232736,1.2200416567066725,0.0,0.0
2021-12-27,-0.0017674035165774664,1.2178853507922383,-0.0017674035165773372,0.0
2021-12-28,-0.0071147806752524705,1.2092203636337484,-0.008869609503444842,0.0
2021-12-29,0.004468827653132242,1.2146241610334854,-0.004440418606534213,0.0
2021-12-30,-0.00030156902626121695,1.2142578680079692,-0.00474064854008005,0.0
2021-12-31,0.007592981055112487,1.223477704995775,0.0,0.0
2022-01-03,-0.0018445293649115104,1.2212209644415957,-0.00184452936491164,0.0
2022-01-04,0.001778180953491193,1.2233925163005699,-6.962831840517936e-05,0.0
2022-01-05,-0.000878860452919535,1.2223173249995956,-0.0009484275777493778,0.0
2022-01-06,-0.0018499200913487484,1.2200561356220752,-0.002796593153866822,0.0
2022-01-07,-0.005807784376899716,1.2129703126586686,-0.008588135520739004,0.0
2022-01-10,0.003304534687975092,1.2169786151323334,-0.005311980624497004,0.0
2022-01-11,-0.002067628465728018,1.2144623555055034,-0.0073686258878764566,0.0
2022-01-12,0.002149906368514901,1.2170733358579262,-0.005234561375085267,0.0
2022-01-13,0.0031113376225863076,1.2208600619172276,-0.0021395102402429478,0.0
2022-01-14,-0.007768639687030935,1.2113756399879065,-0.00989152884311062,0.0
2022-01-17,-0.011089025367220617,1.1979426647868474,-0.02087086679606942,0.0
2022-01-18,0.005418297814286432,1.2044334749091026,-0.0155656535537263,0.0
2022-01-19,-0.0014840934352510953,1.2026459830957932,-0.017026646104723042,0.0
2022-01-20,-0.004353129499493846,1.1974107093893311,-0.021305656408781015,0.0
2022-01-21,0.0034521083527011367,1.2015443009008278,-0.017927097490528454,0.0
2022-01-24,0.013935062122287343,1.218287895376561,-0.004241850585444018,0.0
2022-01-25,0.005569100458794772,1.2250726630536468,0.0,0.0
2022-01-26,-0.013000475075601092,1.2091461364318177,-0.013000475075601092,0.0
2022-01-27,-0.005723160108707917,1.2022259994981928,-0.018649231383962017,0.0
2022-01-28,0.005452417017549579,1.2087810369967973,-0.013298497752974647,0.0
2022-01-31,-0.007287119993263221,1.1999725045346203,-0.020488709997381838,0.0
2022-02-01,0.018399734792086155,1.2220516803758528,-0.002465962035479441,0.0
2022-02-02,0.0010170813736249023,1.2232946063775703,-0.001451388745908777,0.0
2022-02-03,-0.0010953839144394923,1.2219546291431236,-0.0025451828324625225,0.0
2022-02-04,-0.000857403118087537,1.2209069214339348,-0.0034004037028533274,0.0
2022-02-07,-0.0008601784248264965,1.219856723641396,-0.004257657173778906,0.0
2022-02-08,0.003881453654140184,1.2245915409789014,-0.0003927294186338859,0.0
2022-02-09,0.003824020780322586,1.229274404479012,0.0,0.0
2022-02-10,-0.009148946201190573,1.218027839085933,-0.009148946201190666,0.0
2022-02-11,-0.004457060044224415,1.21259901587159,-0.013565228842854937,0.0
2022-02-14,0.012374989973912138,1.2276049165353766,-0.0013581084398669452,0.0
2022-02-15,-0.004786300789420994,1.2217292301542662,-0.00613790891379018,0.0
2022-02-16,-0.0034915440612713162,1.2174635087162395,-0.009608022195644939,0.0
2022-02-17,0.001825742361243628,1.219686283417371,-0.007799821607531676,0.0
2022-02-18,0.004264656835511896,1.224887826863127,-0.0035684283345541745,0.0
2022-02-21,0.01927344345393367,1.248495633131585,0.0,0.0
2022-02-22,-0.010667926555812609,1.2351767734120846,-0.010667926555812501,0.0
2022-02-23,-0.0023156783312763274,1.2323165013225985,-0.012958901400723866,0.0
2022-02-24,-0.0023802321241200852,1.2293833019990672,-0.015308288331436715,0.0
2022-02-25,-0.008717175672022404,1.2186665517872903,-0.023892018964835948,0.0
2022-02-28,0.009769170942460326,1.2305719136535591,-0.014356253239803607,0.0
2022-03-01,-0.0033623734127605034,1.2264342713686007,-0.017670355568363605,0.0
2022-03-02,0.0047816794929278665,1.2322986869734278,-0.012973170052289817,0.0
2022-03-03,-0.00033480432573860597,1.231886108042427,-0.013303630904576424,0.0
2022-03-04,6.238330891687261e-05,1.2319629571740554,-0.013242077520176032,0.0
2022-03-07,0.0018778954500470548,1.234276454805959,-0.011389049307253263,0.0
2022-03-08,-0.004523992755179728,1.2286925970665281,-0.015861518085878545,0.0
2022-03-09,0.0062671031168743205,1.2363929402712843,-0.009693820738438386,0.0
2022-03-10,0.010137848393295935,1.248927304454296,0.0,0.0
2022-03-11,-0.0026919010029847756,1.2455653157907802,-0.0026919010029848867,0.0
2022-03-14,-0.002036860042549567,1.2430282735686604,-0.004723278019942878,0.0
2022-03-15,0.0003470702465705281,1.2434596916980618,-0.004377847082639552,0.0
2022-03-16,-0.0012050234225522982,1.241961293644566,-0.005577595096916799,0.0
2022-03-17,-0.0002986144753358563,1.241590426024477,-0.0058745440216191325,0.0
2022-03-18,-0.0028165810522699877,1.2380933859558567,-0.008674578944507072,0.0
2022-03-21,-0.0022194988816708894,1.2353454390703236,-0.01087482460791167,0.0
2022-03-22,0.001079784700541005,1.236679346175315,-0.009806782376603262,0.0
2022-03-23,-0.0006073732426988091,1.2359282202306499,-0.010408199242089466,0.0
2022-03-24,0.008751689814235722,1.2467446806467688,-0.001747598759145319,0.0
2022-03-25,0.004185304829208258,1.2519626871794693,0.0,0.0
2022-03-28,0.008433301837655116,1.2625208664099354,0.0,0.0
2022-03-29,0.005950849126508118,1.2700339376050094,0.0,0.0
2022-03-30,0.0006471696201576319,1.2708558649859965,0.0,0.0
2022-03-31,0.00361658268322292,1.275452020300177,0.0,0.0
2022-04-01,-0.00874336100478551,1.2643002828424095,-0.008743361004785455,0.0
2022-04-04,0.005181043979959239,1.270850678211691,-0.003607616762724586,0.0
2022-04-05,0.00974354533373134,1.28323326940725,0.0,0.0
2022-04-06,0.004717695344009657,1.2892871730276108,0.0,0.0
2022-04-07,-0.0013263873307457483,1.287577078855614,-0.0013263873307456375,0.0
2022-04-08,-0.006069624870547852,1.2797619689950446,-0.007387961527762887,0.0
2022-04-11,0.009584422800580472,1.2920277487899965,0.0,0.0
2022-04-12,0.009293767657597188,1.304035554494419,0.0,0.0
2022-04-13,-0.0017417242279317109,1.3017642841750718,-0.001741724227931729,0.0
2022-04-14,0.0030155664463850096,1.3056898408715325,0.0,0.0
2022-04-15,-0.005559551468823087,1.2984307909988877,-0.005559551468823143,0.0
2022-04-18,-0.018158692650162307,1.2748529853376318,-0.02361728993259027,0.0
2022-04-19,0.008955586143834885,1.286270041068548,-0.014873210463230757,0.0
2022-04-20,-0.005955511508095034,1.2786096450364464,-0.020740144395249627,0.0
2022-04-21,-0.00828486104614399,1.26801654179506,-0.02885317622700201,0.0
2022-04-22,0.0013541249772153763,1.2697335946658268,-0.027538122056387726,0.0
2022-04-25,0.010563469865898659,1.2831463872307984,-0.017265550312995148,0.0
2022-04-26,-0.007662393799507801,1.2733144143094204,-0.024795648666839476,0.0
2022-04-27,-0.016745029870654127,1.2519927264070747,-0.041125474659905126,0.0
2022-04-28,-0.004915736970166692,1.2458382594754958,-0.04583904961387042,0.0
2022-04-29,0.004241798537263179,1.2511228543822053,-0.04179169109020897,0.0
2022-05-02,0.0010812300908874526,1.2524756060597602,-0.04075564743327742,0.0
2022-05-03,0.0006103014797994948,1.2532399937755514,-0.04017021918541652,0.0
2022-05-04,0.005012905889299517,1.2595223679210545,-0.0353586828244461,0.0
2022-05-05,0.007160821948082837,1.2685415833373648,-0.028451058108387883,0.0
2022-05-06,-0.011068373804211938,1.2545008909068,-0.039204524966330756,0.0
2022-05-09,0.0011263015453835674,1.2559138371989134,-0.038122379538002904,0.0
2022-05-10,-0.0008944280275076472,1.254790512662788,-0.03898270984077634,0.0
2022-05-11,-0.0037628755715264357,1.250068892095306,-0.04259889832573116,0.0
2022-05-12,0.006906679337654283,1.258702717082985,-0.03598643591895012,0.0
2022-05-13,0.0035173262129912413,1.2631299851441442,-0.03259568574032867,0.0
2022-05-16,0.00929628859595455,1.274872406020248,-0.02360241604599922,0.0
2022-05-17,0.0005817823663735361,1.275614104305447,-0.023034365149084968,0.0
2022-05-18,0.009686894045989602,1.2879708429774237,-0.013570602557711253,0.0
2022-05-19,0.0009718854555059904,1.2892226031068295,-0.012611906173453424,0.0
2022-05-20,0.004376856727755156,1.2948653457308115,-0.008290249952083384,0.0
2022-05-23,0.010037348781115027,1.3078623608304907,0.0,0.0
2022-05-24,-0.014805378906521078,1.2884989630208181,-0.014805378906521005,0.0
2022-05-25,0.006996002261492365,1.2975133046800422,-0.00791295510934098,0.0
2022-05-26,0.0015071177602250887,1.2994688100256537,-0.006417763104297203,0.0
2022-05-27,0.007111909229267447,1.3087105142488205,0.0,0.0
2022-05-30,0.0033457674724152175,1.313089155318202,0.0,0.0
2022-05-31,0.00314400752874309,1.3172175175084333,0.0,0.0
2022-06-01,-0.008547151637707862,1.3059590596464437,-0.008547151637707806,0.0
2022-06-02,0.002396942828553387,1.3090893688488474,-0.006170695842977136,0.0
2022-06-03,0.0017662349692615929,1.3114015282699967,-0.004415359772498184,0.0
2022-06-06,-0.01748309377213623,1.2884741723783295,-0.021821259395694126,0.0
2022-06-07,0.001751569151441775,1.290731023991097,-0.020107911689055347,0.0
2022-06-08,0.004851178267618586,1.2969925902840236,-0.015354280485630034,0.0
2022-06-09,0.008975166828026756,1.3086333151565372,-0.006516920886486033,0.0
2022-06-10,0.003385768379307634,1.313064044455103,-0.0031532172918462553,0.0
2022-06-13,-0.0017501212507586847,1.3107660231672948,-0.004897820030014266,0.0
2022-06-14,0.00122946759720118,1.312377567520291,-0.003674374143836978,0.0
2022-06-15,0.011911613909537284,1.3280101024081303,0.0,0.0
2022-06-16,-0.005441076017085582,1.3207842984894702,-0.005441076017085544,0.0
2022-06-17,0.002042470839671018,1.3234819619046305,-0.003409718416515606,0.0
2022-06-20,-0.004743135782053783,1.317204507254218,-0.008136681441141214,0.0
2022-06-21,0.0038746466129804067,1.3223082092368532,-0.004293561593347595,0.0
2022-06-22,0.0011763034755596,1.3238636449791397,-0.0031223086492125907,0.0
2022-06-23,-0.0059870598033371905,1.3159375941651856,-0.00909067500394245,0.0
2022-06-24,-0.0006105655489005805,1.3151341280056852,-0.00969569009986948,0.0
2022-06-27,0.010473986374650726,1.328908824943255,0.0,0.0
2022-06-28,0.009323650618517327,1.3412991065308901,0.0,0.0
2022-06-29,-0.008713081120384639,1.3296122586089871,-0.008713081120384603,0.0
2022-06-30,-0.0009878160064055916,1.32829884633762,-0.00969229020579443,0.0
2022-07-01,-0.0002952429242082386,1.3279066755020048,-0.009984671549900015,0.0
2022-07-04,0.002561703562824795,1.331308378763737,-0.007448545755758373,0.0
2022-07-05,-0.009416031214940852,1.3187727375125853,-0.016794441231357093,0.0
2022-07-06,-0.003981732093298625,1.313521737779864,-0.020709302359015913,0.0
2022-07-07,0.0062839441887206915,1.3217758350707443,-0.014555494270506508,0.0
2022-07-08,0.0006193478103085719,1.322594474039914,-0.013945161373702386,0.0
2022-07-11,0.006916803825764427,1.331742600557888,-0.007124813493478599,0.0
2022-07-12,-0.010853685917211326,1.3172882846488625,-0.017901168922813016,0.0
2022-07-13,-0.009249783325991188,1.305103653437994,-0.026985370314986157,0.0
2022-07-14,0.003014194204559913,1.3090374893065366,-0.024052515257237728,0.0
2022-07-15,-0.007473046925327391,1.2992549907219362,-0.031345816607375565,0.0
2022-07-18,0.01132373407251456,1.3139674087292588,-0.020377034226408686,0.0
2022-07-19,-0.007263022061524627,1.3044240344515339,-0.027492057438798456,0.0
2022-07-20,0.0002930754885786162,1.3048063291627445,-0.02720703919838563,0.0
2022-07-21,-0.011467919971983504,1.2898429146009687,-0.03836295102216747,0.0
2022-07-22,-0.001634692341702049,1.2877344182664718,-0.03993493174162843,0.0
2022-07-25,0.003073343033240454,1.291692067869515,-0.03698432245263905,0.0
2022-07-26,0.0033278972511382823,1.2959906863514952,-0.03377950522652606,0.0
2022-07-27,0.011748725928862669,1.3112169257317976,-0.022427645446582378,0.0
2022-07-28,-0.0007990809561177851,1.310169157257106,-0.023208804898333324,0.0
2022-07-29,0.007485993662520524,1.3199770752651623,-0.015896552202196546,0.0
2022-08-01,-0.0012470047166235159,1.3183310576264717,-0.017123733843245836,0.0
2022-08-02,-0.0006153553011072899,1.317519815621547,-0.01772855196395784,0.0
2022-08-03,-0.006369657291533326,1.3091276659212336,-0.023985284455205536,0.0
2022-08-04,0.008142460186735699,1.3197871858203516,-0.016038123492213896,0.0
2022-08-05,0.002944126018571802,1.323672805613103,-0.013141215730304467,0.0
2022-08-08,0.0026584489912040805,1.3271917222478695,-0.01051770199080182,0.0
2022-08-09,0.0022176884566821138,1.3301350200101025,-0.008323338520415557,0.0
2022-08-10,-0.01472511688700543,1.3105486263649546,-0.022925893274817644,0.0
2022-08-11,-0.0015702894163792298,1.3084906857273233,-0.024460182403626463,0.0
2022-08-12,-0.0006438042791369245,1.3076482738246413,-0.025088239112663446,0.0
2022-08-15,-0.0007174979147347251,1.3067100389149657,-0.025787736268150452,0.0
2022-08-16,0.014078021663805413,1.3251059311511226,-0.012072754914188577,0.0
2022-08-17,-0.011469150784592097,1.3099080914211931,-0.023403441452284346,0.0
2022-08-18,0.004966958620141589,1.3164143507074708,-0.018552726757405158,0.0
2022-08-19,-0.0007484527167767039,1.3154290768102799,-0.019287293635436797,0.0
2022-08-22,0.012267868088974065,1.3315665872049893,-0.007256039520575519,0.0
2022-08-23,-0.0025380297488296986,1.3281870315941156,-0.009775653225243208,0.0
2022-08-24,-0.0013884921895529476,1.3263428542744815,-0.011150571996645264,0.0
2022-08-25,0.0009444157128684072,1.327595473306709,-0.010216687059177998,0.0
2022-08-26,-0.005671668332576743,1.3200657921022831,-0.015830409731297346,0.0
2022-08-29,0.011220969061430348,1.3348782095145155,-0.004787073207691561,0.0
2022-08-30,0.0016786762542544964,1.3371190378671491,-0.003116432899558319,0.0
2022-08-31,-0.0020179747716886167,1.3344207653819886,-0.005128118788278013,0.0
2022-09-01,-0.01165168720198001,1.3188725120279308,-0.016720054754202462,0.0
2022-09-02,0.009431740350120028,1.3313117751162888,-0.00744601361916386,0.0
2022-09-05,-0.004759863430825036,1.324974912882886,-0.012170435042057615,0.0
2022-09-06,0.004829838220733296,1.3313743273586405,-0.007399378053653427,0.0
2022-09-07,-0.017812082355267583,1.3076597781940393,-0.025079662077651665,0.0
2022-09-08,-0.004192719142552426,1.3021771280100594,-0.0291672292409223,0.0
2022-09-09,0.003916856626489181,1.307277569122768,-0.025364616469561896,0.0
2022-09-12,0.009202087807706594,1.319307252102881,-0.016395936089817043,0.0
2022-09-13,0.0015220835080117512,1.321315347913307,-0.014898808565726007,0.0
2022-09-14,-0.001140993764069953,1.319807735340968,-0.016022802882130427,0.0
2022-09-15,-0.006174147710345375,1.3116590474337164,-0.02209802344074785,0.0
2022-09-16,0.00040369115804402456,1.312188552593534,-0.021703253059377037,0.0
2022-09-19,0.006239042640295141,1.3203753529252722,-0.015599617940352362,0.0
2022-09-20,0.009035546657718291,1.3323056660323298,-0.006705022358376667,0.0
2022-09-21,-0.003600668156728252,1.3275084754456186,-0.010281547954609005,0.0
2022-09-22,-0.0079277686320753,1.3169842953951667,-0.018127806853320605,0.0
2022-09-23,-0.002358625212628214,1.3138780230314122,-0.02044367536365488,0.0
2022-09-26,0.0026452284626407585,1.317353530574373,-0.017852525092967086,0.0
2022-09-27,0.0057304015559552415,1.3249024952957196,-0.012224425674582373,0.0
2022-09-28,0.001731715760722711,1.3271968498282438,-0.01051387914446622,0.0
2022-09-29,0.00197674963335015,1.3298203857145252,-0.008557912817860003,0.0
2022-09-30,0.006744170303850474,1.338788920869316,-0.001871458535498749,0.0
2022-10-03,-0.0012262892048406728,1.3371471784680937,-0.0030954527909400342,0.0
2022-10-04,0.002112160003620615,1.3399714472574082,-0.0009898308788974797,0.0
2022-10-05,-0.0009138929699767372,1.3387468567717902,-0.0019028192493925067,0.0
2022-10-06,0.01894224422095303,1.3641057266827947,0.0,0.0
2022-10-07,-0.0031452910705019508,1.3598152171214386,-0.0031452910705020987,0.0
2022-10-10,-0.00844623648447725,1.3483298962224401,-0.011564961682785313,0.0
2022-10-11,-0.012224892755875683,1.3318467078415799,-0.023648474022363142,0.0
2022-10-12,0.012269752673519409,1.348188137545837,-0.011668882276204329,0.0
2022-10-13,-0.004173128471566312,1.3425619752440168,-0.015793315002912256,0.0
2022-10-14,-0.0008716224697902047,1.3413917680593082,-0.016651171664473496,0.0
2022-10-17,-0.007371813332564036,1.331503278339337,-0.02390023566775845,0.0
2022-10-18,-0.004461978110199956,1.3255621398577273,-0.028255571449580352,0.0
2022-10-19,0.003824854850638844,1.3306322226381853,-0.02453879005845805,0.0
2022-10-20,-0.006133229785053576,1.3224711494573487,-0.030521517805435994,0.0
2022-10-21,-0.0027185171813754643,1.3188759889156754,-0.033157061716255765,0.0
2022-10-24,-0.003363501354637218,1.314439947740359,-0.036409039248894604,0.0
2022-10-25,0.0017145010751677587,1.3166935564440034,-0.03475696151066476,0.0
2022-10-26,0.0016169452237212814,1.3188225778012002,-0.033196216389849265,0.0
2022-10-27,-0.004653219308980956,1.3126858071170555,-0.03769496642373982,0.0
2022-10-28,-0.0005206953683638176,1.3120022976971728,-0.03819603419767614,0.0
2022-10-31,0.0029927746888423106,1.3159288249654237,-0.03531757163319493,0.0
2022-11-01,-0.001882083978452705,1.3134521364071723,-0.03713318497591889,0.0
2022-11-02,0.009482049734659269,1.3259063548886796,-0.028003233948007522,0.0
2022-11-03,8.916695671090668e-05,1.3260245819232286,-0.02791656395444586,0.0
2022-11-04,0.0014300186918815296,1.3279208218612732,-0.026526466470832344,0.0
2022-11-07,0.0078056176057818005,1.338286064007478,-0.01892790431875424,0.0
2022-11-08,0.009571648143233597,1.3510956673271506,-0.00953742741574859,0.0
2022-11-09,0.002025300817089311,1.3538320424861543,-0.007531442758197171,0.0
2022-11-10,0.006293357284927506,1.3623521912333028,-0.0012854835334180637,0.0
2022-11-11,-0.004678404601308843,1.3559785564732336,-0.005957874122649254,0.0
2022-11-14,0.0017697356618629296,1.3583782800813458,-0.004198682323090064,0.0
2022-11-15,-0.0003621441667570983,1.357886351310965,-0.004559305961535642,0.0
2022-11-16,0.0008655072013700749,1.3590616117266667,-0.0036977448723085615,0.0
2022-11-17,-0.004244302822092538,1.3532933426926177,-0.007926353345404036,0.0
2022-11-18,0.014200438047021905,1.3725107009649715,0.0,0.0
2022-11-21,-0.002830454713022475,1.3686258715827515,-0.0028304547130224567,0.0
2022-11-22,0.00813681075386663,1.379762121292666,0.0,0.0
2022-11-23,-0.010265469611249634,1.3655982151657828,-0.010265469611249634,0.0
2022-11-24,-0.001720154472993544,1.3632491752876534,-0.01196796589077398,0.0
2022-11-25,-0.0018372908208502679,1.3607444900913657,-0.013783268077748989,0.0
2022-11-28,0.0038155179390988443,1.3659364351038392,-0.010020340445260123,0.0
2022-11-29,-0.0007158635746809157,1.364958610964619,-0.010729030823210306,0.0
2022-11-30,-0.007272155786842056,1.3550324193030927,-0.01792316342646416,0.0
2022-12-01,-0.0020199163713615813,1.3522953671356168,-0.01990687650659395,0.0
2022-12-02,0.009143818505426669,1.3646605105384342,-0.010945082866953615,0.0
2022-12-05,0.0031483807871069964,1.368956981470737,-0.007831161368458184,0.0
2022-12-06,-0.006095171441515611,1.360612953972613,-0.01387860053884693,0.0
2022-12-07,0.006049034056942606,1.3688433480695106,-0.007913518609226622,0.0
2022-12-08,0.00132660329494431,1.3706592601653222,-0.006597413414143882,0.0
2022-12-09,0.014447115376347387,1.3904613326385897,0.0,0.0
2022-12-12,0.014647200931441747,1.4108276991651474,0.0,0.0
2022-12-13,0.0040919976804476565,1.4166008028376424,0.0,0.0
2022-12-14,0.005768901398697918,1.424773033190529,0.0,0.0
2022-12-15,0.011177512330161805,1.4406984513366983,0.0,0.0
2022-12-16,-1.4679226824595103e-05,1.4406773029973452,-1.4679226824632075e-05,0.0
2022-12-19,0.0038574836329370124,1.4462346921140012,0.0,0.0
2022-12-20,0.010750791621934336,1.461782859925331,0.0,0.0
2022-12-21,0.001599672610961833,1.4641212339295269,0.0,0.0
2022-12-22,0.0068358505524135915,1.4741297478752844,0.0,0.0
2022-12-23,-0.0030089418499958938,1.4696941771845786,-0.003008941849995894,0.0
2022-12-26,0.00875792097418652,1.4825656426445835,0.0,0.0
2022-12-27,-0.0009360728772491352,1.4811778531577624,-0.0009360728772491722,0.0
2022-12-28,-0.004028235869027137,1.4752113194012637,-0.004960538023936145,0.0
2022-12-29,0.002382332608143911,1.4787257634313764,-0.0025900230672805113,0.0
2022-12-30,-0.006438839806594376,1.4692044851227577,-0.009012186130249344,0.0
2023-01-02,0.006646376729518899,1.4789693716235823,-0.0024257077849086928,0.0
2023-01-03,-0.005491245820013109,1.4708479872437268,-0.007903633447187475,0.0
2023-01-04,-0.003480003580936808,1.4657294309811049,-0.011356132355425652,0.0
2023-01-05,0.0033814016275602876,1.4706856508645871,-0.008013130372295008,0.0
2023-01-06,-0.005854807643382457,1.4620750692748923,-0.013821022678726314,0.0
2023-01-09,0.008494027533842392,1.4744939751698576,-0.005444391292062978,0.0
2023-01-10,0.014559396089631228,1.4959617169861306,0.0,0.0
2023-01-11,0.011220086758095013,1.5127465372375035,0.0,0.0
2023-01-12,-0.006728886958195328,1.502567436792031,-0.00672888695819529,0.0
2023-01-13,-0.006101142400183168,1.4934000588942846,-0.012788975460851781,0.0
2023-01-16,-0.015832934919616494,1.46975515295286,-0.028419423364307916,0.0
2023-01-17,0.010222058479260573,1.4847790760765387,-0.018487869892624298,0.0
2023-01-18,0.009802905300617188,1.499334224751655,-0.008866199429774513,0.0
2023-01-19,0.0014190868272786112,1.501461910199688,-0.007459694509314718,0.0
2023-01-20,-0.009853908856293706,1.4866666413853837,-0.01724009621581779,0.0
2023-01-23,0.0036668377485420955,1.492118006745514,-0.013636475102868362,0.0
2023-01-24,-0.00020878455621133523,1.4918064755496607,-0.013842412573677021,0.0
2023-01-25,0.0013390906902834656,1.493804139712774,-0.012521858129202035,0.0
2023-01-26,-0.0001507389980813234,1.493578965173424,-0.01267070959493477,0.0
2023-01-27,0.010102566049452883,1.508667945319162,-0.0026961502260580694,0.0
2023-01-30,0.0021614659066407915,1.5119288796474113,-0.0005405119562100769,0.0
2023-01-31,-0.00624132997441736,1.5024924326116806,-0.006778468417153571,0.0
2023-02-01,-0.005578637091490367,1.4941105725974295,-0.012319290893308521,0.0
2023-02-02,0.009034417556016083,1.5076089913851332,-0.003396170955216493,0.0
2023-02-03,0.0023955597008680773,1.5112205587295617,-0.0010087469846260522,0.0
2023-02-06,-0.0034310516901094323,1.5060354828774045,-0.004436337611688934,0.0
2023-02-07,-0.006036140819038249,1.4969448406242882,-0.010445700072182262,0.0
2023-02-08,-0.0010123107251177414,1.4954294673072146,-0.01144743650308555,0.0
2023-02-09,0.008793138820866889,1.5085789862100618,-0.0027549565805334852,0.0
2023-02-10,0.0016048739582313711,1.5110000653389652,-0.0011545039803744217,0.0
2023-02-13,-0.0040112378090503276,1.5049390847474,-0.005161110799407953,0.0
2023-02-14,-0.005232554432215264,1.497064409069291,-0.010366659438434622,0.0
2023-02-15,-0.013939110929862792,1.4761966622021248,-0.024161268352412946,0.0
2023-02-16,-0.01865417131454968,1.4486594367714398,-0.042364731227939934,0.0
2023-02-17,-0.0020980348114865337,1.445620098843105,-0.044373883358530986,0.0
2023-02-20,-0.0015930389400765819,1.4433171697330904,-0.04589623297449508,0.0
2023-02-21,0.005034776762278721,1.4505839494798605,-0.041092533499472395,0.0
2023-02-22,-0.008859181848108855,1.4377329624854704,-0.04958766912071,0.0
2023-02-23,-0.007173640669380624,1.4274191828340757,-0.05640558567018639,0.0
2023-02-24,-0.0005259645299601028,1.4266684109745202,-0.05690188286279241,0.0
2023-02-27,0.006966525046542752,1.4366073321926855,-0.050331766208408735,0.0
2023-02-28,-0.01166344554665344,1.4198515408017331,-0.06140816994062348,0.0
2023-03-01,-0.0029895990065425906,1.4156067540459143,-0.06421418314331806,0.0
2023-03-02,-0.00694672845236501,1.4057729183302234,-0.07071483310259596,0.0
2023-03-03,0.0016094564613122195,1.4080354486367679,-0.06921918908633129,0.0
2023-03-06,-0.004543788901505641,1.4016376327923257,-0.07344846060469523,0.0
2023-03-07,0.00390486165504437,1.4071108338388836,-0.06983040502708815,0.0
2023-03-08,0.009581165999251776,1.4205925963172394,-0.060918295730195915,0.0
2023-03-09,-0.0030838678040830954,1.4162116765467379,-0.06381429956339713,0.0
2023-03-10,-0.0031390274605703388,1.4117661492040772,-0.06675301218526097,0.0
2023-03-13,-0.0008354571704564293,1.410586679051717,-0.06753270007303758,0.0
2023-03-14,-0.002900306236362023,1.406495545709534,-0.07023714079821941,0.0
2023-03-15,0.006182200001889164,1.4151907824748766,-0.0644891608483057,0.0
2023-03-16,-0.006157894834815714,1.4064761864651958,-0.07024993821263203,0.0
2023-03-17,-0.005529880290256694,1.3986985415229465,-0.07539134475417497,0.0
2023-03-20,0.003169291572700609,1.4031314250233438,-0.07246099033505837,0.0
2023-03-21,0.0036543595685499994,1.408258971772311,-0.06907142927988585,0.0
2023-03-22,0.01190360837294994,1.425022335059982,-0.057990020150843535,0.0
2023-03-23,0.003006279141658389,1.42930634998227,-0.05515807519718896,0.0
2023-03-24,0.0023645614516601783,1.432686032680051,-0.05292393840388798,0.0
2023-03-27,-0.0016662788315482584,1.4302987782715415,-0.05450203119719166,0.0
2023-03-28,-0.0021439139760429473,1.427232340730888,-0.05652909750682822,0.0
2023-03-29,-0.006536874562492282,1.417902701947998,-0.06269644844978739,0.0
2023-03-30,-0.0006450325803313097,1.4169881085095017,-0.06330103977819757,0.0
2023-03-31,-0.005699463812096201,1.4089120360628813,-0.0686397216048098,0.0
2023-04-03,0.0015582565607236514,1.4111074824865588,-0.06718842334060304,0.0
2023-04-04,-0.0028457245699330946,1.4070918592528303,-0.06984294816342074,0.0
2023-04-05,0.0028273699352168538,1.41107022847177,-0.0672130500800282,0.0
2023-04-06,-0.0073688488987569585,1.400672265172627,-0.07408661616872081,0.0
2023-04-07,-0.0035401724664294587,1.3957136437849715,-0.07736450923645888,0.0
2023-04-10,-0.00347770820862651,1.3908597589890885,-0.08057316625625732,0.0
2023-04-11,-0.022844513317037057,1.3590862447027314,-0.10157702480375741,0.0
2023-04-12,0.006736197344009468,1.3682413178545778,-0.09552507034444346,0.0
2023-04-13,-0.008230269302355504,1.3569803233380249,-0.1029691425927377,0.0
2023-04-14,-0.009544181193348933,1.3440290572562774,-0.11153056763185787,0.0
2023-04-17,0.014438360268766472,1.3634346329966343,-0.09870252587953998,0.0
2023-04-18,0.005188895833675378,1.3705093532832793,-0.09402578717117416,0.0
2023-04-19,-0.0005312333371250515,1.3697812930259736,-0.0945070708756044,0.0
2023-04-20,-0.0041374472050629265,1.3641138952435958,-0.09825350006441436,0.0
2023-04-21,-0.0032043447767261908,1.3597428040085124,-0.10114300675141408,0.0
2023-04-24,0.0016765586696560293,1.3620224925950755,-0.09963602026660212,0.0
2023-04-25,0.00418579395683788,1.3677236381136573,-0.09586728216127949,0.0
2023-04-26,0.0017185107285218417,1.3700740858594085,-0.0943135203856661,0.0
2023-04-27,0.003396229627689965,1.3747271720619345,-0.09123760113020163,0.0
2023-04-28,-0.0077884831808448145,1.3640201326040797,-0.09831548178918326,0.0
2023-05-01,-0.009626664618290315,1.3508891682549045,-0.10699569623750338,0.0
2023-05-02,-0.0038651002282151232,1.3456678462223892,-0.11044724737577283,0.0
2023-05-03,0.003752299346956792,1.3507171948029901,-0.10710937916301744,0.0
2023-05-04,0.001062445135036153,1.3521522577154181,-0.10616073186678976,0.0
2023-05-05,-0.006203795711059315,1.343763781338304,-0.11170592808481095,0.0
2023-05-08,0.005589792477299922,1.351275142014497,-0.1067405485639894,0.0
2023-05-09,0.008641480812965174,1.362952160227252,-0.09902146415340529,0.0
2023-05-10,0.0007975273615300484,1.36403915186749,-0.09830290911891626,0.0
2023-05-11,0.011064857690256483,1.3791320509668419,-0.08832575912859875,0.0
2023-05-12,0.007083053275428242,1.3889005167576907,-0.08186832191067106,0.0
2023-05-15,-0.006116798518391678,1.380404892134594,-0.08748434839889618,0.0
2023-05-16,-0.0009959595210823715,1.3790300647393239,-0.08839317705024496,0.0
2023-05-17,0.007995421688557231,1.390055991628113,-0.08110449608659587,0.0
2023-05-18,-0.0026604991489200254,1.3863577488454353,-0.08354921679270388,0.0
2023-05-19,0.002795304213472738,1.3902330405021635,-0.08098745805696417,0.0
2023-05-22,0.004483753616332612,1.3964665029250602,-0.07686683224857194,0.0
2023-05-23,0.0008193750592090377,1.397610732748578,-0.07611043995458766,0.0
2023-05-24,0.006912264212537618,1.4072713873996145,-0.0697242712123487,0.0
2023-05-25,0.007911430570851863,1.418404917275373,-0.06236445937229651,0.0
2023-05-26,0.0007886176056394374,1.419523496365062,-0.06162502347728416,0.0
2023-05-29,-0.01408196873935963,1.3995338108644628,-0.07483919056247434,0.0
2023-05-30,0.005226426895887666,1.4068483720152691,-0.07000390522500877,0.0
2023-05-31,-0.01320905779669701,1.3882652305581304,-0.08228827739159406,0.0
2023-06-01,0.007807963809592236,1.3991047552364435,-0.0751228174738291,0.0
2023-06-02,-0.004405811702999066,1.3929405631321012,-0.07919765218843966,0.0
2023-06-05,0.004913523611801121,1.3997848094788865,-0.07467326811066555,0.0
2023-06-06,-0.0015318276381069604,1.3976405804203245,-0.07609070917285288,0.0
2023-06-07,-0.010390004765045813,1.383119088129936,-0.08569013110701695,0.0
2023-06-08,0.0021814934598304307,1.3861363533748583,-0.08369557010776829,0.0
2023-06-09,-0.003734055826858336,1.3809604428477187,-0.08711710200338352,0.0
2023-06-12,-0.0005559039748453585,1.3801927614484353,-0.08762457723494832,0.0
2023-06-13,-0.016469221270241342,1.3574620614645556,-0.10265068995399595,0.0
2023-06-14,-0.004408144228901178,1.3514781729123584,-0.10660633513638362,0.0
2023-06-15,0.011110054670427433,1.366493169299304,-0.09668068267753527,0.0
2023-06-16,0.009636551497120466,1.3796614510957201,-0.08797579955781376,0.0
2023-06-19,-0.005453095308522837,1.3721380257094002,-0.09294915444650431,0.0
2023-06-20,0.011562909303657332,1.3880039332527774,-0.08246100778556364,0.0
2023-06-21,0.005747659249800326,1.3959817068984968,-0.07718730630990989,0.0
2023-06-22,-0.005488793284967485,1.3883194518797348,-0.08225243442631891,0.0
2023-06-23,0.0009302410767506412,1.3896109236615253,-0.0813987079427343,0.0
2023-06-26,-0.0075011592492386266,1.3791872308286586,-0.08828928252101231,0.0
2023-06-27,-0.0012550771851841946,1.377456244401148,-0.08943354984200813,0.0
2023-06-28,0.010514700927193827,1.3919397848513215,-0.07985921594426038,0.0
2023-06-29,-0.010170353774085539,1.377783264807159,-0.08921737324007173,0.0
2023-06-30,-0.0013297467828486769,1.375951161943319,-0.09042848350788035,0.0
2023-07-03,0.009322325950187041,1.3887782271664932,-0.08194916135613473,0.0
2023-07-04,0.0031233672154583614,1.3931158915507675,-0.0790817514645904,0.0
2023-07-05,0.0007474202159287735,1.3941571345312442,-0.0783934385484173,0.0
2023-07-06,-0.004314849947794444,1.3881415556920949,-0.08237003257198372,0.0
2023-07-07,0.0044030991501490075,1.394253680596249,-0.07832961684225015,0.0
2023-07-10,0.00840817362406639,1.405976807618696,-0.07058005223649999,0.0
2023-07-11,-0.0018330595231820048,1.4033995684421174,-0.07228373432278323,0.0
2023-07-12,-0.012405879457676646,1.385989162565069,-0.08379287048570072,0.0
2023-07-13,0.002152427191088176,1.3889724033251278,-0.08182080134746528,0.0
2023-07-14,-0.0028185579160191114,1.3850575041626036,-0.0844087425961515,0.0
2023-07-17,-0.005335062719588057,1.37766813550766,-0.0892934793799075,0.0
2023-07-18,0.005742712081098628,1.3855796869531847,-0.08406355404160704,0.0
2023-07-19,-0.0003987650573014645,1.3850271661899212,-0.0844287974909641,0.0
2023-07-20,-0.008663729037911145,1.3730276661119059,-0.09236105830441677,0.0
2023-07-21,-0.008927090698912973,1.360770523604408,-0.1004636334587986,0.0
2023-07-24,-0.005737285256594763,1.3529633949417237,-0.10562453019232632,0.0
2023-07-25,-0.001997243314384093,1.35026119784657,-0.10741081561994881,0.0
2023-07-26,-0.005657849319681291,1.3426216234469417,-0.11246095072954843,0.0
2023-07-27,-0.0034729247250636455,1.3379587996144677,-0.11554330703821925,0.0
2023-07-28,0.0015260909952264365,1.3400006464905432,-0.11419354564342254,0.0
2023-07-31,0.010434504974536017,1.3539828899022301,-0.10495059378896288,0.0
2023-08-01,0.005217357742618963,1.361047103016235,-0.10028080083944124,0.0
2023-08-02,0.002450087067708088,1.3643817869218764,-0.09807641046500948,0.0
2023-08-03,-0.00015195356135685098,1.364174464250303,-0.09821346096651118,0.0
2023-08-04,-0.007758841948495965,1.3535900501920108,-0.10521028019415313,0.0
2023-08-07,0.003290143501006278,1.3580435556986767,-0.10226629361276673,0.0
2023-08-08,-0.003940348764106706,1.3526923904523762,-0.10580367751322672,0.0
2023-08-09,-0.007869761640232861,1.342047023766959,-0.11284078943077058,0.0
2023-08-10,-0.002964624867171639,1.3380683577873858,-0.11547088368756453,0.0
2023-08-11,0.013131781389943345,1.3556395789466502,-0.10385544069910979,0.0
2023-08-14,-0.0008732919491202806,1.3544557098164471,-0.1046380365279953,0.0
2023-08-15,0.005139616387014415,1.3614170925781048,-0.10003621950822539,0.0
2023-08-16,0.003083396686605418,1.3656148815304483,-0.09726127416939201,0.0
2023-08-17,-0.0018226663624614967,1.3631258212218058,-0.09890666567905493,0.0
2023-08-18,-0.004180912159856183,1.3574267119004457,-0.10267405775768257,0.0
2023-08-21,1.0381922970315147e-05,1.3574408046000066,-0.10266474178887097,0.0
2023-08-22,-0.0011029172085405179,1.3559436597770382,-0.10365442828698213,0.0
2023-08-23,-0.0034709679006673833,1.3512372228588387,-0.10676561499430326,0.0
2023-08-24,0.01016585051535738,1.3649736984772085,-0.09768512776115812,0.0
2023-08-25,-0.00837036901926802,1.3535483649193591,-0.1052378362133709,0.0
2023-08-28,0.005239734568932471,1.3606405990777493,-0.10054951997280515,0.0
2023-08-29,-0.006648094495979823,1.3515949318000138,-0.10652915175848043,0.0
2023-08-30,0.008833388416811397,1.3635340948147971,-0.098636776716865,0.0
2023-08-31,0.00797721685318801,1.3744113019758502,-0.09144640682124694,0.0
2023-09-01,0.009220030295453374,1.3870834158184808,-0.08306951516709593,0.0
2023-09-04,-0.012327178359773391,1.3699845911518027,-0.09437268079714467,0.0
2023-09-05,0.0009612279950977722,1.3713014586936703,-0.09350216646480158,0.0
2023-09-06,0.007465699714848357,1.3815391836028108,-0.08673452584746721,0.0
2023-09-07,-0.0003650937856600385,1.3810347922322315,-0.08706795339673823,0.0
2023-09-08,0.004162136510529971,1.3867828475632935,-0.08326820559393788,0.0
2023-09-11,0.004876139413641622,1.393544994064459,-0.07879809355949607,0.0
2023-09-12,0.0038679827748674214,1.398935202097503,-0.07523490045320924,0.0
2023-09-13,0.0023299390447763337,1.4021946358459823,-0.07308025414052854,0.0
2023-09-14,-0.0025875132823469276,1.398566438601295,-0.07547867129460961,0.0
2023-09-15,0.0009118986121222453,1.399841789395616,-0.07463560157808591,0.0
2023-09-18,0.007773811352702276,1.4107238953900068,-0.0674419933122472,0.0
2023-09-19,0.009647954313382945,1.424334495081527,-0.05844471626914427,0.0
2023-09-20,-0.006931270432722069,1.4144620475094625,-0.06497089056804117,0.0
2023-09-21,-0.007175309012384908,1.4043128452322913,-0.0716800133637906,0.0
2023-09-22,-0.009985954914898213,1.3902894404733892,-0.08095017489693868,0.0
2023-09-25,-0.004794487212357147,1.3836237155295643,-0.08535654753091448,0.0
2023-09-26,0.00871255554245596,1.3956786140009747,-0.07738766564973398,0.0
2023-09-27,0.0017297436633818553,1.3980927802396605,-0.07579178281063359,0.0
2023-09-28,-0.0045627914965982175,1.3917135743905276,-0.0800087522051115,0.0
2023-09-29,0.002092912706923411,1.3946263094147673,-0.07808329083234333,0.0
2023-10-02,-0.0036567475037107,1.3895265131392056,-0.08145450745722127,0.0
2023-10-03,0.00564504457741836,1.397370452247381,-0.07626927720543064,0.0
2023-10-04,0.00043925345490965695,1.3979842520463193,-0.07586352529403706,0.0
2023-10-05,0.004898963093367051,1.4048329253022027,-0.07133621481121799,0.0
2023-10-06,-0.004796947120836319,1.3980940160459183,-0.07579096588180423,0.0
2023-10-09,-0.014369285202943153,1.3780044043888264,-0.08907118908018519,0.0
2023-10-10,0.0031160319753419374,1.3822983101750639,-0.08623270577809894,0.0
2023-10-11,0.00465547071935061,1.3887335594834918,-0.0819786888955486,0.0
2023-10-12,0.011511578877352694,1.4047200753931128,-0.07141081416167894,0.0
2023-10-13,0.007520253857179211,1.415283926958345,-0.06442758775514335,0.0
2023-10-16,0.004454822766056706,1.4215887660165933,-0.06025977847378028,0.0
2023-10-17,0.004935207010695016,1.4286046008609636,-0.055621965944272045,0.0
2023-10-18,0.015307505849910325,1.4504729741458517,-0.04116589366343715,0.0
2023-10-19,-0.009933128998245442,1.4360652389851924,-0.05069011652959543,0.0
2023-10-20,0.011854473730261862,1.4530890366356848,-0.03943654745411751,0.0
2023-10-23,0.005868996416181049,1.4616172109840917,-0.03379900399361113,0.0
2023-10-24,0.003408255777476813,1.4665987762878878,-0.030505943866768526,0.0
2023-10-25,-0.0005521170671927513,1.4657890420727753,-0.03104121808170157,0.0
2023-10-26,0.009526318944193719,1.4797526159924645,-0.021810607681370553,0.0
2023-10-27,-0.010150983342925819,1.464731671835874,-0.031740191909023774,0.0
2023-10-30,-0.003304330940037903,1.4598917136537732,-0.03493964275089401,0.0
2023-10-31,0.006397064528855837,1.4692307351511582,-0.02876608937133085,0.0
2023-11-01,-0.004559457741194317,1.4625318397021727,-0.03319438934365715,0.0
2023-11-02,-4.2168372166676905e-05,1.4624701671152507,-0.033235157962460016,0.0
2023-11-03,-0.000850026958964837,1.461227028046521,-0.03405693414117128,0.0
2023-11-06,0.0025031846200575707,1.4648847490695396,-0.03163900031486211,0.0
2023-11-07,0.0011763453863093776,1.4666079594855825,-0.030499873320600557,0.0
2023-11-08,0.0030372816074362525,1.4710624608662477,-0.027555228417430078,0.0
2023-11-09,-0.005185662716746456,1.4634340271089283,-0.032597999013520784,0.0
2023-11-10,0.0008942130340985344,1.4647426488905124,-0.031732935535025764,0.0
2023-11-13,0.008810577361854366,1.4776478773137698,-0.023201943656621427,0.0
2023-11-14,-0.0031619358636248056,1.4729756494966824,-0.026290516462492586,0.0
2023-11-15,-0.008968511473125421,1.459765250484537,-0.035023241137089656,0.0
2023-11-16,-0.003293639353892504,1.4549573102080966,-0.038201526565672106,0.0
2023-11-17,0.008062288072819963,1.4666875951766496,-0.030447230204845965,0.0
2023-11-20,0.007329604642239029,1.477437835382971,-0.02334079172245962,0.0
2023-11-21,0.003071635728205328,1.4819759862243354,-0.020340850404033772,0.0
2023-11-22,-0.009940505510921386,1.4672443957662191,-0.030079157579417037,0.0
2023-11-23,0.001868211435045693,1.4699855185243962,-0.028267140370517807,0.0
2023-11-24,0.00410984700305215,1.4760269341022336,-0.02427346698960242,0.0
2023-11-27,-0.0015826711553028434,1.4736908688491799,-0.025817721228861612,0.0
2023-11-28,-0.005767114441734593,1.4651919249567873,-0.03143594191764465,0.0
2023-11-29,0.0028395995358350685,1.469352483266804,-0.02868560786788743,0.0
2023-11-30,-0.0031098849924569754,1.464782966030463,-0.031706283918936595,0.0
2023-12-01,0.0038290647382328937,1.4703917148348544,-0.027998624594438137,0.0
2023-12-04,-0.007887565316447668,1.458793904143331,-0.03566534893062645,0.0
2023-12-05,-0.002388926373344017,1.4553089529124497,-0.03796907341129552,0.0
2023-12-06,0.00595801292814907,1.4639797024683532,-0.03223728071340071,0.0
2023-12-07,-0.0031083961073332667,1.4594290736599855,-0.035245470582853544,0.0
2023-12-08,0.002752315948761408,1.463445883575506,-0.03259016130489889,0.0
2023-12-11,0.006757231888036637,1.4733347267664183,-0.02605314869406805,0.0
2023-12-12,-0.006256627484603723,1.4641166202209104,-0.032146771332492,0.0
2023-12-13,-0.004429319834812261,1.4576315794344876,-0.03643370283541614,0.0
2023-12-14,-0.013517795365784142,1.4379276140249875,-0.049458994861853234,0.0
2023-12-15,0.0053630198981264865,1.445639248431069,-0.04436122453731228,0.0
2023-12-18,0.0030573024258621815,1.4500590048122188,-0.041439547790842246,0.0
2023-12-19,-0.0026167062942794393,1.44626462628725,-0.04394781895958533,0.0
2023-12-20,-0.001185307153561706,1.4445503584797685,-0.04508103444895084,0.0
2023-12-21,-0.0027163444467972657,1.440626462135393,-0.0476749232781668,0.0
2023-12-22,0.004358943968859164,1.446906072163897,-0.043523791628596764,0.0
2023-12-25,0.010425295019639328,1.4619904948319131,-0.033552244977059,0.0
2023-12-26,0.00981035163548538,1.4763331356739513,-0.024071052662958614,0.0
2023-12-27,0.0013668808391640122,1.478351107149327,-0.02273707408445813,0.0
2023-12-28,0.004655623257289132,1.4852337529462105,-0.01818730607807928,0.0
2023-12-29,0.0032688460657286176,1.4900887534562162,-0.014977911516270148,0.0
2024-01-01,-0.004622299282618517,1.4832011172800776,-0.019530978409231792,0.0
2024-01-02,-0.009513579056911914,1.4690905661935336,-0.028858747958988573,0.0
2024-01-03,0.007562908631081222,1.4802011639164385,-0.021514095401928723,0.0
2024-01-04,0.00743915708284019,1.491212612889016,-0.01423498505427856,0.0
2024-01-05,-0.00254078452057425,1.4874237629653024,-0.016739601545176397,0.0
2024-01-08,-0.004404667370953871,1.4808721560497877,-0.021070536539401385,0.0
2024-01-09,0.0011250423798371638,1.4825381999844647,-0.01996919940613695,0.0
2024-01-10,-0.0031892435220577196,1.4778100246339612,-0.023094756288347895,0.0
2024-01-11,0.003626404067040845,1.4831691609176074,-0.019552103139438448,0.0
2024-01-12,-0.01225024979333039,1.4649999682106025,-0.03156283478532573,0.0
2024-01-15,0.0032750415871273435,1.4697979040316327,-0.028391162794727864,0.0
2024-01-16,0.007480092104420762,1.4807921277286737,-0.021123439202963334,0.0
2024-01-17,0.01083586621614881,1.4968377931186678,-0.010516463748042937,0.0
2024-01-18,0.00039405099007081923,1.4974276235330217,-0.010126556780924001,0.0
2024-01-19,-0.0011823243320233472,1.4956571784182746,-0.011296908238465742,0.0
2024-01-22,-0.0051454773333713955,1.487961308308229,-0.016384257586559037,0.0
2024-01-23,0.012545344765939897,1.5066282959193347,-0.004044458980776544,0.0
2024-01-24,0.005511667643029794,1.5149323303480264,0.0,0.0
2024-01-25,0.0015258070487773796,1.5172438247760922,0.0,0.0
2024-01-26,0.004813313785074028,1.5245467953932055,0.0,0.0
2024-01-29,-0.00613395094979909,1.5151953001295901,-0.006133950949799072,0.0
2024-01-30,0.007953127332552268,1.5272458412852052,0.0,0.0
2024-01-31,0.00567298694968386,1.535909887011775,0.0,0.0
2024-02-01,-0.0032352162077251556,1.5309408864517093,-0.0032352162077251556,0.0
2024-02-02,0.004546056361262244,1.5379006300072797,0.0,0.0
2024-02-05,0.0007125002721302673,1.538996384624669,0.0,0.0
2024-02-06,0.002545029943221459,1.5429131765060484,0.0,0.0
2024-02-07,-0.0013374120204568036,1.5408496658772681,-0.0013374120204567852,0.0
2024-02-08,0.003518522518168514,1.5462711801237696,0.0,0.0
2024-02-09,0.007894057969514923,1.5584775344562567,0.0,0.0
2024-02-12,-0.006975576854247895,1.5476062546390383,-0.006975576854247878,0.0
2024-02-13,0.014645107449563452,1.5702711145278436,0.0,0.0
2024-02-14,0.014126553351068974,1.5924536332028638,0.0,0.0
2024-02-15,0.003045653747092092,1.5973036955778988,0.0,0.0
2024-02-16,-0.0013595418255255007,1.5951320943956941,-0.0013595418255255565,0.0
2024-02-19,0.0017375248995161743,1.597903676127724,0.0,0.0
2024-02-20,0.004098436223577029,1.6044525824357527,0.0,0.0
2024-02-21,0.004985540213838013,1.6124516453066826,0.0,0.0
2024-02-22,-0.0006122100401299015,1.6114644862202019,-0.0006122100401299013,0.0
2024-02-23,-0.004242192338307638,1.6046283439233038,-0.004851805265695841,0.0
2024-02-26,-0.002283702936064317,1.600963849462994,-0.007124428119829607,0.0
2024-02-27,-0.0010274996647797554,1.5993188596443464,-0.008144607437104545,0.0
2024-02-28,0.007070975776464705,1.6106276045597345,-0.0011312219825364567,0.0
2024-02-29,0.0008033569233042621,1.6119215133967226,-0.00032877383424367856,0.0
2024-03-01,0.0020367668583942304,1.6152046217135418,0.0,0.0
2024-03-04,-0.0029479620270629705,1.6104430598227937,-0.0029479620270630447,0.0
2024-03-05,0.0091764384533742,1.625221191443921,0.0,0.0
2024-03-06,0.0013501162444711963,1.6274154289753482,0.0,0.0
2024-03-07,-0.003747340068613917,1.6213169499300684,-0.0037473400686138802,0.0
2024-03-08,-0.0048565237490284146,1.6134429856580306,-0.008585664771603496,0.0
2024-03-11,-0.00886001424976616,1.5991478578139153,-0.017369609909149375,0.0
2024-03-12,-0.0018197013817776535,1.5962378862473845,-0.019157703787774483,0.0
2024-03-13,-0.0007288914232392305,1.5950744021426493,-0.019872631325033807,0.0
2024-03-14,-0.0014870272430396367,1.592702483051988,-0.02133010742390229,0.0
2024-03-15,0.0024528812345903277,1.5966091930849517,-0.018929546409543807,0.0
2024-03-18,-0.006414979403556952,1.586366977995782,-0.02522309316276483,0.0
2024-03-19,0.004009188007014219,1.5927270214586864,-0.021315029278358488,0.0
2024-03-20,0.004476287804490867,1.599856526000725,-0.016934153679478703,0.0
2024-03-21,0.0014211377242490664,1.6021301424632106,-0.015537081719851797,0.0
2024-03-22,-0.003101579321843332,1.5971610087424448,-0.018590471550311016,0.0
2024-03-25,-0.0004992132344587099,1.5963636848293192,-0.019080404175336962,0.0
2024-03-26,0.001594600454745132,1.5989092470870867,-0.017516229341766443,0.0
2024-03-27,-0.00031088587897798426,1.5984121687804,-0.017821669672389184,0.0
2024-03-28,-0.0005147901204524499,1.597589321987501,-0.018327285373364255,0.0
2024-03-29,0.0016475382259740026,1.6002214114648832,-0.016709942050621263,0.0
2024-04-01,0.003926063507445879,1.6065039823522689,-0.012849482836871928,0.0
2024-04-02,-0.004622709868878916,1.5990775805386557,-0.017412793274630856,0.0
2024-04-03,0.00240786067554799,1.602927936561985,-0.01504686017926038,0.0
2024-04-04,-0.007396192515284579,1.591072372955045,-0.022331763219908485,0.0
2024-04-05,0.005671180671611209,1.600095631843682,-0.016787230012233034,0.0
2024-04-08,-0.0037811645003108887,1.5940454070434522,-0.02050491923436315,0.0
2024-04-09,0.011804106730909146,1.6128616891621086,-0.008942854758605123,0.0
2024-04-10,0.009309133559117739,1.627876034038903,0.0,0.0
2024-04-11,0.007915521140713144,1.6407615212007982,0.0,0.0
2024-04-12,0.0029516514633456024,1.6456044773458518,0.0,0.0
2024-04-15,-0.008906938262656889,1.6309471798613806,-0.008906938262656872,0.0
2024-04-16,-0.0010542381088574264,1.6292277731908371,-0.009951786337764612,0.0
2024-04-17,0.001117741837618924,1.6310488292359433,-0.00884516802809443,0.0
2024-04-18,-0.0011953417975236564,1.6290991683965554,-0.010029936826568053,0.0
2024-04-19,0.005443609168020779,1.6379673475652539,-0.004640926714611027,0.0
2024-04-22,0.0008757920562547464,1.6394018663566563,-0.0037691991451065388,0.0
2024-04-23,-0.007337654094068039,1.6273725025401615,-0.011079196159636151,0.0
2024-04-24,0.01379970836462981,1.6498297684758334,0.0,0.0
2024-04-25,-0.005933462518340445,1.6400405653829397,-0.005933462518340482,0.0
2024-04-26,-0.011622433405655348,1.620979303129203,-0.017486934651011476,0.0
2024-04-29,0.010600931405529496,1.6381631935314587,-0.007071381040210434,0.0
2024-04-30,-0.008494438747070766,1.6242479166262997,-0.01550575237417795,0.0
2024-05-01,0.002471875905246593,1.6282628559155554,-0.01307220476461779,0.0
2024-05-02,-0.0014047284874365755,1.6259755886968161,-0.014458570353627742,0.0
2024-05-03,-0.001944815574931554,1.6228133660474602,-0.016375266675744293,0.0
2024-05-06,0.002650367249411756,1.62711441744474,-0.01376829989683026,0.0
2024-05-07,0.004170161679636112,1.6338997476367516,-0.009655554253817589,0.0
2024-05-08,-0.004174837231146218,1.6270784821383573,-0.013790081117577624,0.0
2024-05-09,0.010364567474025291,1.643942446852015,-0.003568441869767791,0.0
2024-05-10,0.00401351105280016,1.6505404280326228,0.0,0.0
2024-05-13,-0.0037756888835484372,1.6443085008866527,-0.0037756888835485114,0.0
2024-05-14,0.013103787663824768,1.6658551703360933,0.0,0.0
2024-05-15,0.0061307307883260624,1.676068079917765,0.0,0.0
2024-05-16,-0.008412898665718075,1.6619674890045721,-0.008412898665718038,0.0
2024-05-17,-0.008481406963174804,1.6478716663707587,-0.016822952411568948,0.0
2024-05-20,0.005267223152778833,1.656551374164675,-0.011644339503230405,0.0
2024-05-21,0.008127056870020763,1.6700142613906221,-0.003611916842566343,0.0
2024-05-22,-0.007148610626785937,1.658075979694761,-0.010734707282228473,0.0
2024-05-23,-0.004288934731831228,1.6509646000374332,-0.014977601555160813,0.0
2024-05-24,-0.00708904635005118,1.639260835465474,-0.0219604709935749,0.0
2024-05-27,0.007526188201658771,1.6515982210247957,-0.01459956142961083,0.0
2024-05-28,-0.0017582794799643013,1.6486942497636223,-0.01633217080029692,0.0
2024-05-29,0.007820746957861982,1.6615882703019056,-0.008639153617536754,0.0
2024-05-30,0.007639921679884179,1.6742826745512263,-0.0010652343946710996,0.0
2024-05-31,0.00028083404447326555,1.6747528701263121,-0.0007846995042810612,0.0
2024-06-03,-0.0065377670897846145,1.6638037259284781,-0.0073173364114711426,0.0
2024-06-04,0.008913166983597601,1.6786334863656105,0.0,0.0
2024-06-05,0.005106643999384097,1.6872056699859246,0.0,0.0
2024-06-06,0.00847457043631028,1.7015040132767625,0.0,0.0
2024-06-07,-0.0034127350036543356,1.6956972309717946,-0.0034127350036543547,0.0
2024-06-10,0.0037783892868671343,1.7021042352230689,0.0,0.0
2024-06-11,-0.0008821767203160044,1.7006026784912038,-0.0008821767203159858,0.0
2024-06-12,-0.006823469678415886,1.6889986676794864,-0.007699626892629707,0.0
2024-06-13,-0.006051011388863658,1.6787785175055823,-0.013704047751476045,0.0
2024-06-14,0.0027394875113495956,1.6833775102886108,-0.011002102307796524,0.0
2024-06-17,-0.003701588369946403,1.6771463396742972,-0.014662965423795526,0.0
2024-06-18,0.0008515567661454189,1.6785745249876627,-0.013823895005068532,0.0
2024-06-19,0.007330601088101166,1.6908794852269962,-0.006594631376733329,0.0
2024-06-20,0.0011512867591290852,1.692826172389621,-0.005450936929389583,0.0
2024-06-21,0.003357524931195676,1.6985098784675996,-0.0021117136548327586,0.0
2024-06-24,0.00021287063831855924,1.6988714413496195,-0.0018992925383477521,0.0
2024-06-25,-0.002268233089503154,1.6950180049315384,-0.004163217589668755,0.0
2024-06-26,0.001406352963980599,1.6974017985267742,-0.002762719579085249,0.0
2024-06-27,-0.004711631450730465,1.689404266828309,-0.007461334113357365,0.0
2024-06-28,-0.008060148233381118,1.6757874180115662,-0.015461342887766016,0.0
2024-07-01,0.013858650595131583,1.699011570309506,-0.001816965641447732,0.0
2024-07-02,0.005754134477312914,1.7087879113635773,0.0,0.0
2024-07-03,0.0028599419095421408,1.713674945525805,0.0,0.0
2024-07-04,0.016384715226507085,1.7417530214990453,0.0,0.0
2024-07-05,0.005688561664139502,1.7516610909655441,0.0,0.0
2024-07-08,0.008638731576148065,1.7667932209427781,0.0,0.0
2024-07-09,-0.0019480593787270701,1.7633514028384492,-0.0019480593787271072,0.0
2024-07-10,0.0006521421411467277,1.7645013585978904,-0.00129718764919462,0.0
2024-07-11,0.00349366642732198,1.7706659377553877,0.0,0.0
2024-07-12,-0.00988914418775827,1.7531555669885726,-0.009889144187758214,0.0
2024-07-15,-0.009100193995322007,1.7372015112249977,-0.018899345052523997,0.0
2024-07-16,0.008717984495774544,1.7523464070658934,-0.010346124753897623,0.0
2024-07-17,0.01825114128861212,1.7843287289278449,0.0,0.0
2024-07-18,0.007008320221943365,1.7968338760413842,0.0,0.0
2024-07-19,-0.0014913197611079636,1.7941542221746156,-0.0014913197611079454,0.0
2024-07-22,0.0029223668927462567,1.7993973990739796,0.0,0.0
2024-07-23,0.0063210996253587615,1.8107715692991377,0.0,0.0
2024-07-24,-0.0017174361302554713,1.807661684782384,-0.0017174361302554342,0.0
2024-07-25,-0.0047945523063161275,1.7989947562825714,-0.006503754099212222,0.0
2024-07-26,-0.004598560203524393,1.7907219705899815,-0.011072406397962475,0.0
2024-07-29,0.002623871869730269,1.7954205955951203,-0.008477587103910111,0.0
2024-07-30,0.009982018323061448,1.8133425168779527,0.0,0.0
2024-07-31,-0.004352227232736353,1.8054504381937178,-0.0043522272327363165,0.0
2024-08-01,-0.0013525021983208743,1.8030085625071015,-0.005698843034157242,0.0
2024-08-02,-0.0018792130362980664,1.799620325311881,-0.007567346730333879,0.0
2024-08-05,0.00034696966346231555,1.8002447389705145,-0.007223002706619797,0.0
2024-08-06,-0.0012881534369801881,1.797925747522604,-0.008501851807838134,0.0
2024-08-07,-0.004394979469437603,1.790023900774669,-0.012859465813128135,0.0
2024-08-08,0.01062971628535131,1.8090513469839016,-0.0023664420009514853,0.0
2024-08-09,-0.00016858491340752523,1.8087463682192204,-0.0025346279679392403,0.0
2024-08-12,0.009286002124772225,1.8255423908376782,0.0,0.0
2024-08-13,0.0036925735368068904,1.8322833403604049,0.0,0.0
2024-08-14,-0.008947634551066747,1.815888738636852,-0.00894763455106673,0.0
2024-08-15,0.005683642968470181,1.8262096018977294,-0.0033148467427972506,0.0
2024-08-16,0.0007835161732452729,1.827640466656552,-0.002533927805586922,0.0
2024-08-19,0.0030790379419850704,1.833267840997695,0.0,0.0
2024-08-20,-0.004217994400948536,1.8255351275089278,-0.004217994400948499,0.0
2024-08-21,8.159093955404728e-05,1.82568407463517,-0.00413674761152083,0.0
2024-08-22,0.011011401415514635,1.8457874148388902,0.0,0.0
2024-08-23,0.008476961773434266,1.8614340841963652,0.0,0.0
2024-08-26,0.001348414132627152,1.8639440682224495,0.0,0.0
2024-08-27,0.004927503153101826,1.8731286584958209,0.0,0.0
2024-08-28,-0.013283211572815848,1.848247494221916,-0.013283211572815978,0.0
2024-08-29,-0.01642822667859537,1.8178840654286925,-0.029493218640673335,0.0
2024-08-30,-0.003827738670017122,1.8109256802938434,-0.033208064977196194,0.0
2024-09-02,-0.0035571566245824284,1.8044839340135597,-0.03664709531345545,0.0
2024-09-03,0.005541126430371337,1.8144828076335027,-0.03130903507152183,0.0
2024-09-04,0.00952322932530747,1.831762543517424,-0.02208396886715458,0.0
2024-09-05,0.0017343188782874737,1.8349394038771862,-0.020387950632980933,0.0
2024-09-06,-0.003838589951269067,1.8278958239202756,-0.024148279601823308,0.0
2024-09-09,-0.004245087604912859,1.8201362460150798,-0.028290855644318436,0.0
2024-09-10,0.0020770909753994315,1.8239168345856753,-0.026272527349864072,0.0
2024-09-11,-2.3600735922872247e-05,1.823873788806117,-0.026295508034806958,0.0
2024-09-12,0.0016562604666057004,1.826894598858595,-0.024682799778608544,0.0
2024-09-13,-0.0028538236602632105,1.8216809638275653,-0.027466183080862017,0.0
2024-09-16,0.008756414553746724,1.837632357531508,-0.018950273812380458,0.0
2024-09-17,-0.007936122464132092,1.8230486820980862,-0.02673600458280878,0.0
2024-09-18,-0.0010139822477096174,1.8212001430977283,-0.02772287699649678,0.0
2024-09-19,-0.003665204284729717,1.814525072529896,-0.0312864712736739,0.0
2024-09-20,0.0009621978859192803,1.816271004718632,-0.03035437716427203,0.0
2024-09-23,-0.0004975266663891549,1.815367361460395,-0.030836801718580276,0.0
2024-09-24,-0.0023849544103232883,1.811037793065323,-0.0331482117626446,0.0
2024-09-25,-0.003269250641342055,1.8051170565988495,-0.03630909259142234,0.0
2024-09-26,0.0016725964355218481,1.8081362889534163,-0.034697226614745946,0.0
2024-09-27,-0.007278652231867817,1.7949754937183042,-0.041723329800674835,0.0
2024-09-30,0.0007714455651759988,1.7963602196025328,-0.04098407151323791,0.0
2024-10-01,-0.012254737301566473,1.7743462970123196,-0.052736559784860915,0.0
2024-10-02,-0.011613110736591102,1.7537406169800551,-0.0637372350128036,0.0
2024-10-03,-0.004994875976553644,1.744980900103195,-0.06841375140537986,0.0
2024-10-04,-0.0003430172780394999,1.7443823415046107,-0.06873330158463187,0.0
2024-10-07,-0.006076236289466704,1.7337830622184554,-0.07439189809271529,0.0
2024-10-08,0.015819023726681387,1.7612098176166073,-0.05974968156703542,0.0
2024-10-09,0.01263648884723071,1.783465325834553,-0.04786821890455206,0.0
2024-10-10,-0.0012928830267100269,1.7811595137860556,-0.04909921392352157,0.0
2024-10-11,-0.0023498487825233116,1.7769740582711055,-0.051333686977983906,0.0
2024-10-14,0.014268639065182904,1.8023290597367694,-0.03779750976417484,0.0
2024-10-15,0.004466180761637313,1.8103785871095055,-0.033500139513484184,0.0
2024-10-16,0.0008520503507378392,1.8119211208196204,-0.032676632968368535,0.0
2024-10-17,-0.015278804483883726,1.784237132274398,-0.0474561775659369,0.0
2024-10-18,-0.004585491020619817,1.7760555289256974,-0.051824058710455145,0.0
2024-10-21,-0.009698606435797397,1.7588302653425252,-0.061020043996914075,0.0
2024-10-22,0.0007562638234236047,1.760160405043746,-0.060309927425269194,0.0
2024-10-23,0.007921522834126133,1.7741035558840246,-0.052866151058367006,0.0
2024-10-24,0.01110813067915554,1.7938105300211389,-0.04234526449367171,0.0
2024-10-25,-0.0022429252998856413,1.7897871470001532,-0.04449321252849414,0.0
2024-10-28,-0.001493714249313364,1.7871137164354411,-0.04592046663225602,0.0
2024-10-29,-0.005553169001960215,1.7771895719423538,-0.051218631522358504,0.0
2024-10-30,-0.0034071636733195945,1.7711343961922295,-0.05445128493495788,0.0
2024-10-31,0.0024671136109749394,1.7755039859679411,-0.0521185088301811,0.0
2024-11-01,-0.007523898045841896,1.7621452749975326,-0.05925027252928339,0.0
2024-11-04,0.003906634580938687,1.7690293326654756,-0.055575107111937694,0.0
2024-11-05,-0.005299065615121927,1.759655130156606,-0.06057967658790597,0.0
2024-11-06,0.008598042449267354,1.7747847196617634,-0.05250250076950436,0.0
2024-11-07,0.0005435486435041068,1.7757494014886475,-0.05198748978907408,0.0
2024-11-08,-0.005365949577525064,1.766220819737939,-0.05707447711772884,0.0
2024-11-11,-0.004384541276082139,1.7584767516511224,-0.061208772993077476,0.0
2024-11-12,0.007662742533660412,1.7719515062504525,-0.054015057527664334,0.0
2024-11-13,-0.004030949638159549,1.764808858967496,-0.05782827518922751,0.0
2024-11-14,0.0073113348728965355,1.7777119675220618,-0.05093974220136144,0.0
2024-11-15,0.005845123517713972,1.7881029135511466,-0.045392367768774866,0.0
2024-11-18,-0.002617205805507505,1.7834230802249555,-0.04789077240583228,0.0
2024-11-19,0.0005926370207558855,1.7844800027659673,-0.04732651722975678,0.0
2024-11-20,0.000823036858773348,1.7859486955819877,-0.046542431839060816,0.0
2024-11-21,0.0031869938189097633,1.7916405030356974,-0.04350376846273918,0.0
2024-11-22,0.005015399218333401,1.8006262954141572,-0.03870655801074829,0.0
2024-11-25,-0.008078287984169078,1.786080317647934,-0.046472163272430644,0.0
2024-11-26,0.007108842872359614,1.7987772819835073,-0.039693683706713445,0.0
2024-11-27,0.0015217790969466736,1.8015146236512922,-0.038232309627912575,0.0
2024-11-28,0.0008009237273203976,1.8029574994584892,-0.037462007064523406,0.0
2024-11-29,-0.0045407804425681335,1.7947706653061666,-0.04183268075807356,0.0
2024-12-02,0.004505678285350645,1.8028573245200208,-0.03751548707403263,0.0
2024-12-03,0.007543607856368798,1.8164573731971823,-0.030254881340690876,0.0
2024-12-04,-0.0019800186317362094,1.8128607537544972,-0.03217499474367158,0.0
2024-12-05,0.0072680888765207135,1.826036786833541,-0.02514075658854964,0.0
2024-12-06,0.010059340493182023,1.8444055126253758,-0.015334315526147946,0.0
2024-12-09,-0.004035625937073109,1.8369621819001443,-0.01930805790175638,0.0
2024-12-10,0.0021267641390489054,1.8408689671933987,-0.017222357447847614,0.0
2024-12-11,0.01971129106702559,1.8771548712220025,0.0,0.0
2024-12-12,-0.0023358359952245777,1.872770145305191,-0.0023358359952245777,0.0
2024-12-13,-0.0011912387199122612,1.870539228994608,-0.0035242921768559032,0.0
2024-12-16,0.008937652778083486,1.8872574591311457,0.0,0.0
2024-12-17,0.019683700339494216,1.9244056694201586,0.0,0.0
2024-12-18,0.0031723793779004548,1.9305106142805417,0.0,0.0
2024-12-19,-0.010322827207058535,1.9105822867879312,-0.010322827207058571,0.0
2024-12-20,0.00233475515692529,1.9150430286347393,-0.00801217332418902,0.0
2024-12-23,-0.00796092437231451,1.8997975159140499,-0.015909313390611857,0.0
2024-12-24,-0.000228726279606147,1.89936298229623,-0.016134400792155112,0.0
2024-12-25,-0.008363904276217379,1.8834768921265135,-0.024363358484592812,0.0
2024-12-26,0.015129830954192883,1.9119735791105164,-0.009602141025748079,0.0
2024-12-27,-0.0015889714959881711,1.9089355075922274,-0.011175854993345835,0.0
2024-12-30,0.005171133522933727,1.9188068679886559,-0.006062513308815798,0.0
2024-12-31,-0.019870844157810708,1.8806785557459165,-0.025812890209462314,0.0
2025-01-01,-0.008773660163170105,1.8641781212216404,-0.034360076846105314,0.0
2025-01-02,-0.003452377078271007,1.8577422754061206,-0.03769382998266513,0.0
2025-01-03,0.004114485356245275,1.865385928793957,-0.03373443533790432,0.0
2025-01-06,-0.016977273103047363,1.8337167624382404,-0.0501389897192428,0.0
2025-01-07,-0.010308553818231647,1.8148137945052523,-0.059930683063561974,0.0
2025-01-08,-0.009930004216674336,1.7967926858733363,-0.06926557534470701,0.0
2025-01-09,0.0058331361557525,1.8072736222536956,-0.06383647472084675,0.0
2025-01-10,-0.011276728452173665,1.7868934883767644,-0.07439333658224934,0.0
2025-01-13,-0.0033356423198182914,1.7809330508359271,-0.07748082934025147,0.0
2025-01-14,0.0005956837847687635,1.7819939237760687,-0.07693129962915113,0.0
2025-01-15,0.010761420829854575,1.8011707103060668,-0.06699776888959352,0.0
2025-01-16,0.002045026228620609,1.804854151650866,-0.06508975485561108,0.0
2025-01-17,0.00011415423119302348,1.8050601833889635,-0.06498303089534208,0.0
2025-01-20,-0.008472908664180231,1.7897660733217602,-0.07290534427402451,0.0
2025-01-21,-0.008905198710505416,1.7738278507935088,-0.08116130640671204,0.0
2025-01-22,-0.0004330962412553527,1.7730596126186962,-0.08155925199122727,0.0
2025-01-23,-0.004906926358782056,1.7643593396698456,-0.08606597310661102,0.0
2025-01-24,-0.007993274144696916,1.7502563317781081,-0.09337129833373659,0.0
2025-01-27,-0.007167150288201233,1.7377119816053785,-0.0998692424941755,0.0
2025-01-28,-0.006384357925546998,1.7266178063432982,-0.10561599942988653,0.0
2025-01-29,-0.0033149512689550535,1.72089415245516,-0.10858083880750957,0.0
2025-01-30,-0.004954378005058749,1.712368192317202,-0.11299726629300944,0.0
2025-01-31,0.00408995472801286,1.7193717007014686,-0.1093694652685242,0.0
2025-02-03,0.007063321946786254,1.7315161765697162,-0.1030786550660776,0.0
2025-02-04,0.006843512348856013,1.743365828906315,-0.09694056276606977,0.0
2025-02-05,0.00231986568927911,1.7474102034766563,-0.09484558616225114,0.0
2025-02-06,0.003930177123866896,1.754277835084372,-0.09128816899141878,0.0
2025-02-07,-0.005589359745197919,1.7444725451710583,-0.09636728631964331,0.0
2025-02-10,0.000923008966803899,1.7460827089725945,-0.09553322522221896,0.0
2025-02-11,0.00331993677600297,1.7518795931720557,-0.09253045271396132,0.0
2025-02-12,-0.002766705911464625,1.7470326575454522,-0.09504115407491176,0.0
2025-02-13,0.013453871281059904,1.7705370100438766,-0.08286595424717913,0.0
2025-02-14,-0.0035303816444477625,1.7642863386828023,-0.086103787447803,0.0
2025-02-17,0.0034932945984881836,1.7704495106199094,-0.08291127874491566,0.0
2025-02-18,0.000282070718490272,1.7709489025854208,-0.0826525948703919,0.0
2025-02-19,-0.0038266803072746396,1.7641720472947076,-0.08616299012053075,0.0
2025-02-20,-0.009925510646332587,1.7466617388573216,-0.09523328909110218,0.0
2025-02-21,0.014772024585931777,1.7724634690070282,-0.08186805299302335,0.0
2025-02-24,0.0022956496889447635,1.7765324242183202,-0.0797603436744665,0.0
2025-02-25,0.002773225399083275,1.7814591490594576,-0.07720831168630082,0.0
2025-02-26,0.0151607039079417,1.808467323742442,-0.06321814013106708,0.0
2025-02-27,-0.006678043273421511,1.7963903006959212,-0.06947400992902808,0.0
2025-02-28,0.0006199373429073469,1.7975039501257593,-0.06889714211923725,0.0
2025-03-03,-0.006928819840760861,1.7850493690922817,-0.07534858607471062,0.0
2025-03-04,-0.007571948518879323,1.771533067165857,-0.08234999897886197,0.0
2025-03-05,0.0021522133213865606,1.775345784232288,-0.08037502042229394,0.0
2025-03-06,0.0008708073801661128,1.7768917684435444,-0.07957420420309247,0.0
2025-03-07,0.013230992500984176,1.8004018101068813,-0.06739605740119126,0.0
2025-03-10,0.0055466050925090755,1.8103879279553825,-0.06222327162387875,0.0
2025-03-11,-0.00729854652660818,1.7971747274319902,-0.06906767870750241,0.0
2025-03-12,0.010870979294016517,1.8167117766816332,-0.05894753271860087,0.0
2025-03-13,0.011910526228360566,1.8383497699471711,-0.047739102624782426,0.0
2025-03-14,-0.007024078045610208,1.8254370576879326,-0.054427857487728826,0.0
2025-03-17,-0.003126672826519294,1.8197295132431386,-0.0573843522112355,0.0
2025-03-18,-0.015549746288654649,1.7914331809982307,-0.0720417863820666,0.0
2025-03-19,-0.003021561803263776,1.7860202549254272,-0.07484566947535942,0.0
2025-03-20,0.007921727693531222,1.8001686210400778,-0.06751684879445197,0.0
2025-03-21,0.006740431334464078,1.8123025340206553,-0.06123151014320627,0.0
2025-03-24,0.0015553205502338479,1.8151212453950587,-0.05977142421901993,0.0
2025-03-25,-0.010779275857838591,1.7955555527755218,-0.06990640740678578,0.0
2025-03-26,-0.0025073969347547314,1.7910533822863106,-0.07223852122988905,0.0
2025-03-27,0.0033479816612600093,1.7970497961645429,-0.06913239281294326,0.0
2025-03-28,-0.0064823982699910845,1.785400603674798,-0.0751666473793634,0.0
2025-03-31,-0.007661502355706414,1.771721752743864,-0.08225226028910215,0.0
2025-04-01,0.006795103318666636,1.7837607851056876,-0.0760160695772939,0.0
2025-04-02,-0.0077310892423048845,1.7699703712891117,-0.08315947180184746,0.0
2025-04-03,-0.0017038841947619916,1.7669545467482752,-0.08472166188696151,0.0
2025-04-04,-0.0035442528370948443,1.760692013082945,-0.0879656397335501,0.0
2025-04-07,-0.005131956092218171,1.751656218979884,-0.0926461600250319,0.0
2025-04-08,0.009122450411544357,1.7676356159756015,-0.08436886961413581,0.0
2025-04-09,0.008941262347297084,1.7834405097524655,-0.07618197146400352,0.0
2025-04-10,-0.0016195285698396935,1.7805521768943118,-0.07767812115455064,0.0
2025-04-11,0.0023162969110303573,1.7846764644015805,-0.07554174983560524,0.0
2025-04-14,-0.015077903055816907,1.7577672856853352,-0.08948064171073411,0.0
2025-04-15,-0.013932567929260007,1.7332770735736933,-0.10216651452100556,0.0
2025-04-16,-0.0026432502404107328,1.7286955885322712,-0.10453971309734678,0.0
2025-04-17,0.0065737346208108996,1.7400595745714487,-0.09865319480777368,0.0
2025-04-18,0.005023979385942863,1.748801598004408,-0.09412484703890245,0.0
2025-04-21,0.007492275333404408,1.7619041010801546,-0.08733778097522815,0.0
2025-04-22,0.0002542987889739281,1.7623521511593476,-0.08710569207818786,0.0
2025-04-23,0.012146905108621299,1.783759275507455,-0.07601685154566096,0.0
2025-04-24,-0.0006225701573780811,1.7826487602145775,-0.07659209587980897,0.0
2025-04-25,-0.007520223105533666,1.769242843818961,-0.08353632933620603,0.0
2025-04-28,-0.0008284522220933972,1.7677771106535762,-0.0842955757006354,0.0
2025-04-29,0.008357578146346929,1.7825514460011869,-0.07664250441559783,0.0
2025-04-30,3.66317323018579e-05,1.7826167439485712,-0.07660868023100054,0.0
2025-05-01,-0.0032082511264931997,1.7768976617716927,-0.07957115147284344,0.0
2025-05-02,0.005319624125963503,1.7863500894426214,-0.07467481596398562,0.0
2025-05-05,0.009921275237533018,1.8040729603505734,-0.06549441012894341,0.0
2025-05-06,-0.003648576833224615,1.7974906615419914,-0.0689040255746658,0.0
2025-05-07,0.0010385474244773798,1.799357440839058,-0.06793703824848518,0.0
2025-05-08,-0.0007076006797933632,1.798084214290729,-0.06859656663383074,0.0
2025-05-09,-0.0011940710988669334,1.7959371738971155,-0.06970872855499877,0.0
2025-05-12,0.004221041333147435,1.803517898939871,-0.06578193064636328,0.0
2025-05-13,-0.003503938299187678,1.797198483500505,-0.0690553731193646,0.0
2025-05-14,-0.004669649911499799,1.7888061957610795,-0.073402558613889,0.0
2025-05-15,-0.008423349760732168,1.773738455520019,-0.08120761295008372,0.0
2025-05-16,-0.004926456952931053,1.7650002093731414,-0.08573400409356591,0.0
2025-05-19,-0.0018436081647843676,1.761746240576295,-0.0874195523484037,0.0
2025-05-20,-0.007986993148367316,1.74767518542365,-0.094708326131131,0.0
2025-05-21,0.008965689747584382,1.7633442989157104,-0.08659176185215145,0.0
2025-05-22,0.0053333335039773555,1.772748802144165,-0.08172025109282854,0.0
2025-05-23,-0.003588434266183068,1.766387409597216,-0.08501543760974906,0.0
2025-05-26,0.009068302629770653,1.7824055451888603,-0.07671808069642594,0.0
2025-05-27,-0.0057460174065407,1.7721638119006904,-0.08202327467588866,0.0
2025-05-28,0.005375078700317596,1.7816893318595113,-0.07708907753221172,0.0
2025-05-29,0.009686445781518227,1.798947568972078,-0.06814935092055652,0.0
2025-05-30,0.0017639337212325132,1.8021207932517171,-0.06650562813749283,0.0
2025-06-02,-0.0036547917112782673,1.7955344171138186,-0.06991735563030088,0.0
2025-06-03,0.00239935451019115,1.7998425407157241,-0.06768575764268181,0.0
2025-06-04,-0.0013678953940369776,1.7973805443942872,-0.06896106600059748,0.0
2025-06-05,0.005245812188991006,1.8068092651623262,-0.06407701061219817,0.0
2025-06-06,-0.0002953379377699239,1.8062756458400095,-0.06435342417779544,0.0
2025-06-09,0.0028625093059748506,1.8114461266853823,-0.061675127147400866,0.0
2025-06-10,0.012482850367342608,1.8340581376332983,-0.04996215816362615,0.0
2025-06-11,-0.003182875306199521,1.828220559276891,-0.052986010150362195,0.0
2025-06-12,0.009976268343870479,1.846459378168018,-0.04353834446222282,0.0
2025-06-13,0.0042627958965200845,1.8543304576283637,-0.03946114364181763,0.0
2025-06-16,-0.0034123805552948028,1.8480027764316618,-0.0427388677578594,0.0
2025-06-17,-0.013019287074384748,1.823943097771038,-0.055201725243670285,0.0
2025-06-18,0.006722687741319862,1.8362048976752883,-0.04885014146394584,0.0
2025-06-19,-0.0014414658982389948,1.8335580709331099,-0.0502211915491404,0.0
2025-06-20,0.005751832831242329,1.8441043904434922,-0.0447582226162746,0.0
2025-06-23,-0.004499178291563451,1.835807436002632,-0.04905602568427392,0.0
2025-06-24,-0.0058106506792546244,1.8251402002776427,-0.05458162893456464,0.0
2025-06-25,0.004893030774783536,1.834070667445896,-0.04995566774989568,0.0
2025-06-26,-0.0015275248113498785,1.8312690789956034,-0.051406884039289946,0.0
2025-06-27,-0.0025500546059463725,1.8265992428459836,-0.05382584828381454,0.0
2025-06-30,0.0034374735037637025,1.8328781293452614,-0.0505733997073442,0.0
2025-07-01,-0.007182284335704392,1.8197138774676098,-0.057392451506527165,0.0
2025-07-02,-0.008352652522788643,1.8045144397582265,-0.06526572482445081,0.0
2025-07-03,-0.00547902042850181,1.7946274682792647,-0.0703871530133584,0.0
2025-07-04,-0.0038801000138171116,1.7876641342147976,-0.07399414383379588,0.0
2025-07-07,0.008265166450280895,1.80243947584128,-0.06634055129864747,0.0
2025-07-08,0.001912413388460358,1.8058864852267682,-0.06455500846868856,0.0
2025-07-09,-0.00029894207158070985,1.805346629779835,-0.06483465233230667,0.0
2025-07-10,0.009818660253953207,1.8230727149782626,-0.05565258150228758,0.0
2025-07-11,-0.004616582926062077,1.8146563486093243,-0.06001223967079494,0.0
2025-07-14,-0.002202078620155182,1.8106603326611228,-0.062082166621023394,0.0
2025-07-15,-0.014231473331833201,1.7848919684238478,-0.07543011925420717,0.0
2025-07-16,0.003234481496786715,1.7906651684694779,-0.07243961508244856,0.0
2025-07-17,0.00499950297164949,1.7996176043004701,-0.06780227418166906,0.0
2025-07-18,0.0009932994050894095,1.8014051633962103,-0.06687632273518795,0.0
2025-07-21,-0.002601973865355692,1.7967179542401366,-0.06930428615657558,0.0
2025-07-22,-0.0006592872443796733,1.795533401011158,-0.06991788196911142,0.0
2025-07-23,-0.0034974729500187682,1.7892535715102664,-0.07317081901822053,0.0
2025-07-24,0.01139414848794788,1.8096405923866454,-0.06261038970715105,0.0
2025-07-25,0.008091545429154653,1.8242833814503843,-0.05502545909064893,0.0
2025-07-28,-0.0049493234880374675,1.8152544128617354,-0.05970244378156897,0.0
2025-07-29,0.01125151912598188,1.8356787826065721,-0.04912266784366337,0.0
2025-07-30,-0.0018770799356155146,1.8322330667955062,-0.05090754060508562,0.0
2025-07-31,0.007318966752011971,1.8456431196933194,-0.04396116445018905,0.0
2025-08-01,-0.0021603186550240294,1.841655942431329,-0.0460265129815548,0.0
2025-08-04,0.0036461568727135796,1.8483709089029987,-0.042548175995476,0.0
2025-08-05,-0.004447561615441483,1.840150165397463,-0.046806501976553005,0.0
2025-08-06,-0.008916920205691736,1.8237416932061232,-0.05530605233901231,0.0
2025-08-07,0.002021435423978516,1.8274282692689565,-0.05339641452839239,0.0
2025-08-08,0.007688936872760288,1.841479249870863,-0.046118039316172754,0.0
2025-08-11,-0.0010742700629435091,1.8395010038411952,-0.047142766150117144,0.0
2025-08-12,-0.005057936244267054,1.8301969250425012,-0.051962257288818425,0.0
2025-08-13,-0.0034020255443515204,1.823970548352313,-0.05518750590653132,0.0
2025-08-14,-0.00045866307306158266,1.8231339604154317,-0.05562085650853921,0.0
2025-08-15,-0.0036141111985352747,1.8165449515526644,-0.059033947746694904,0.0
2025-08-18,0.009881933914300532,1.834495928716264,-0.04973538340272743,0.0
2025-08-19,0.00535194512554508,1.8443140502597892,-0.04464961931995182,0.0
2025-08-20,-0.0012511033414952335,1.8420066227887426,-0.0458448613735194,0.0
2025-08-21,0.001954751767351122,1.8456072884901111,-0.04397972492996216,0.0
2025-08-22,-0.002883433292591238,1.8402856029894297,-0.04673634561949136,0.0
2025-08-25,0.0010221022702555835,1.842166563082164,-0.045762012674196884,0.0
2025-08-26,-0.0029251116236523322,1.8367780202557886,-0.04855326530265425,0.0
2025-08-27,0.005667411052285242,1.8471877963083807,-0.043161025562769906,0.0
2025-08-28,0.016583915087118057,1.8778214018723196,-0.027292889258657693,0.0
2025-08-29,-0.0021093681006533935,1.8738603853084859,-0.029344686609334203,0.0
2025-09-01,0.008061564269143062,1.8889666312360514,-0.021519686417250217,0.0
2025-09-02,-0.003634297047073909,1.8821015653861288,-0.025075774531524098,0.0
2025-09-03,-0.0009338351162418987,1.8803439928520373,-0.02598619300894145,0.0
2025-09-04,0.01075546327677675,1.9005679636148654,-0.015510223276775537,0.0
2025-09-05,-0.0006466525348948204,1.899338956523454,-0.016146846086471656,0.0
2025-09-08,0.006791922549567397,1.9122391196115374,-0.0094645916649434,0.0
2025-09-09,0.00107527559514492,1.914295303668937,-0.008399493114233825,0.0
2025-09-10,0.008177398164653755,1.9299492585717648,-0.0002907809491563551,0.0
2025-09-11,0.02168228328604826,1.9717949651238165,0.0,0.0
2025-09-12,0.003165388614040532,1.978036462455642,0.0,0.0
2025-09-15,0.002304374357931442,1.982594598958778,0.0,0.0
2025-09-16,-0.0016786058632591487,1.9792666040404998,-0.001678605863259186,0.0
2025-09-17,0.0025551190412828233,1.9843238658282591,0.0,0.0
2025-09-18,0.003098165122393822,1.990471628820902,0.0,0.0
2025-09-19,-0.010737921110449892,1.9690981014980342,-0.01073792111044991,0.0
2025-09-22,0.01845897991422866,2.0054456438027324,0.0,0.0
2025-09-23,-0.0020883614320278223,2.0012575484661865,-0.002088361432027841,0.0
2025-09-24,0.016306031421247164,2.033890116933484,0.0,0.0
2025-09-25,-0.0015999570967824561,2.0306359800068208,-0.0015999570967825116,0.0
2025-09-26,-0.0016362197106134142,2.0273134133912527,-0.0032335589260580333,0.0
2025-09-29,-0.011036574946559869,2.004938816964194,-0.0142344464571863,0.0
2025-09-30,-0.008082927835436515,1.988733041192207,-0.022202318289131995,0.0
2025-10-01,-0.004453194953322247,1.9798768252496648,-0.02655664199069696,0.0
2025-10-02,0.0073060038554007,1.9943418129681574,-0.019444661064066837,0.0
2025-10-03,-0.003884415751905549,1.98659496021518,-0.02325354566824467,0.0
2025-10-06,-0.009706122453802275,1.9673128262652249,-0.0327339663603059,0.0
2025-10-07,-0.008158922385615497,1.951261673607501,-0.040625814855014375,0.0
2025-10-08,0.007038282617403949,1.9649952047268593,-0.03387346820412229,0.0
2025-10-09,0.010691203593113189,1.9860033685200855,-0.023544412755984068,0.0
2025-10-10,0.0034140124968421075,1.9927836088389834,-0.02021078117852182,0.0
2025-10-13,-0.00402204275230561,1.984768547968139,-0.02415153530487002,0.0
2025-10-14,0.009913547316673415,2.004444644881066,-0.014477415376211722,0.0
2025-10-15,0.0002262683582544185,2.0048981872800753,-0.01425442279896627,0.0
2025-10-16,0.007899761676647668,2.0207364051455308,-0.006467267665268617,0.0
2025-10-17,0.011636420355402095,2.044250543383268,0.0,0.0
2025-10-20,-0.010879733111943419,2.022009643057313,-0.010879733111943346,0.0
2025-10-21,-0.0006020399483916605,2.0207923124761593,-0.011475223026373715,0.0
2025-10-22,0.004248439307365459,2.029377525968505,-0.0072755355075743156,0.0
2025-10-23,0.003704975065249712,2.0368963191001965,-0.003597516119966504,0.0
2025-10-24,0.006101030880606558,2.0493234864436207,0.0,0.0
2025-10-27,-0.0028896391896778848,2.043401680984866,-0.002889639189677773,0.0
2025-10-28,-0.007803326960117521,2.0274563495572875,-0.010670417350401418,0.0
2025-10-29,-0.010491884064253866,2.006184512592397,-0.021050348632897675,0.0
2025-10-30,0.0012826746416639467,2.008757794593198,-0.019794674739623486,0.0
2025-10-31,0.010311358479895023,2.029470816312532,-0.009687426246961506,0.0
2025-11-03,-0.005417430438584854,2.0184762993380208,-0.015052375727724665,0.0
2025-11-04,0.005196766655655955,2.0289658496656524,-0.009933832756338967,0.0
2025-11-05,-0.0038347205055166977,2.0211853327169464,-0.013730459789686456,0.0
2025-11-06,-0.003352363011431843,2.0144095857682975,-0.017036793315589494,0.0
2025-11-07,-0.0043056212780303955,2.0057363009931453,-0.021269060613810842,0.0
2025-11-10,-0.004786225525444312,1.9961363947120216,-0.025953487618443072,0.0
2025-11-11,0.00016770809451329286,1.9964711629431673,-0.025790132133884258,0.0
2025-11-12,-0.0038177508644058325,1.9888491334350797,-0.029509422699042887,0.0
2025-11-13,-0.004716317325938616,1.979469089808382,-0.034086564223427485,0.0
2025-11-14,-0.0010552008114313076,1.977380352418613,-0.03510579686463122,0.0
2025-11-17,-0.0033977621038104493,1.9706616843923457,-0.03838427782223108,0.0
2025-11-18,-0.0021219096224062524,1.9664801184017264,-0.040424739476177085,0.0
2025-11-19,-0.007408363853678952,1.9519117181735808,-0.04753362215112633,0.0
2025-11-20,-0.001363470892636017,1.949250343360856,-0.04883228233353776,0.0
2025-11-21,-0.00025950974975299146,1.9487444938920444,-0.04907911962992251,0.0
2025-11-24,0.007620770866314629,1.9635954291569877,-0.04183236948862812,0.0
2025-11-25,0.003955652600600748,1.9713627305228605,-0.03804219120918417,0.0
2025-11-26,0.0009660342976045936,1.9732671345335648,-0.03711290697304381,0.0
2025-11-27,0.0031039110876350433,1.9793919802713094,-0.03412419104885678,0.0
2025-11-28,0.00611696924693598,1.9914998601422609,-0.02821595842914315,0.0
2025-12-01,-0.0019145078860301663,1.9876871179549904,-0.03007644664024889,0.0
2025-12-02,0.010357388962248543,2.0082743665709013,-0.02003057113445561,0.0
2025-12-03,-0.007301973972651939,1.9936099994162564,-0.02718628239802645,0.0
2025-12-04,0.0008347741619931053,1.9952742135328603,-0.026374202642139744,0.0
2025-12-05,0.002271200298118281,1.9998058809214636,-0.024162903440925088,0.0
2025-12-08,0.006356471174874551,2.012517589358885,-0.017960023065274222,0.0
2025-12-09,0.0038993597303850027,2.0203651194035226,-0.0141306959255868,0.0
2025-12-10,0.007456973829153796,2.03543092922425,-0.006779094326137769,0.0
2025-12-11,0.012468995416078894,2.060810708150492,0.0,0.0
2025-12-12,0.009279765182420241,2.079934547607546,0.0,0.0
2025-12-15,-0.0014862820221334299,2.076843178282223,-0.0014862820221333006,0.0
2025-12-16,0.0020735540957231664,2.0811496249607244,0.0,0.0
2025-12-17,0.01323492700289937,2.108693488329191,0.0,0.0
2025-12-18,0.0013634495559295226,2.111568585529445,0.0,0.0
2025-12-19,-0.005628314121996825,2.0996840142399447,-0.005628314121996936,0.0
2025-12-22,0.005067779043155067,2.1103247488845573,-0.000589058131197695,0.0
2025-12-23,0.0011113536684245195,2.1126700660357973,0.0,0.0
2025-12-24,-0.0008853706557141461,2.1107995699541235,-0.0008853706557141461,0.0
2025-12-25,-0.00229800234118734,2.1059489476005915,-0.003181338413062007,0.0
2025-12-26,0.008771006516915387,2.1244202395442873,0.0,0.0
2025-12-29,-0.0027417493720803265,2.118595611686482,-0.002741749372080382,0.0
2025-12-30,0.0011852103126001046,2.1211065930536823,-0.0015597886091104352,0.0
2025-12-31,0.0029576246536246464,2.1273800302062638,0.0,0.0
